"","spc_scale_rand","spc_level_rand","spc_scale_level_disp","spc_word_con","spc_word_resp","spc_word_eff","spc_word_def","spc_map_con","spc_map_resp","spc_map_eff","spc_label_comp","why_current","why_experimental","PERSON_WEIGHT","AGE_GROUP","EDUC_GROUP","GENDER_GROUP","INCOME_GROUP","RACE_GROUP","NWS_REGION"
"1","likert_scale",4,"HIGH",80,90,90,4,80,90,90,1,"They both seem the same to me there is not really difference ","",0.432955342236359,"(2) 30–49","(2) Some college / 2-yr degree","(2) Female","(1) < $50,000","(3) Hispanic","(1) Eastern"
"2","current_scale",5,"HIGH",65,75,30,4,85,100,30,NA,"","",0.846455433484509,"(3) 50–64","(1) HS or less","(2) Female","(1) < $50,000","(1) White","(1) Eastern"
"3","likert_scale",2,"LOW",20,0,90,2,3,0,90,2,"","never really understood the marginal statement",0.715463681083415,"(2) 30–49","(1) HS or less","(2) Female","(1) < $50,000","(1) White","(3) Central"
"4","levels_scale",2,"LEVEL 2 OF 5",25,15,30,4,31,23,51,2,"","Interesting ",0.303270874764507,"(2) 30–49","(3) 4-yr / post-graduate degree","(1) Male","(1) < $50,000","(1) White","(2) Southern"
"5","current_scale",2,"SLIGHT",50,25,75,2,50,15,25,NA,"","",3.04237595455678,"(1) 18–29","(1) HS or less","(1) Male","(2) ≥ $50,000","(2) Black","(1) Eastern"
"6","levels_scale",2,"LEVEL 2 OF 5",60,100,100,3,100,100,100,1,"Because it tells you how severe it is in words.","",0.902790559720795,"(4) 65+","(1) HS or less","(2) Female","(1) < $50,000","(1) White","(1) Eastern"
"7","likert_scale",2,"LOW",0,0,0,4,0,0,0,1,"No","",0.846821513929312,"(1) 18–29","(1) HS or less","(2) Female","(1) < $50,000","(2) Black","(1) Eastern"
"8","current_scale",1,"MARGINAL ",50,50,50,1,50,50,50,NA,"","",0.421028301043217,"(2) 30–49","(2) Some college / 2-yr degree","(2) Female","(1) < $50,000","(2) Black","(1) Eastern"
"9","levels_scale",3,"LEVEL 3 OF 5",10,1,80,4,20,10,80,2,"","it gives people an actual figure to know what is dangerous instead of and approximation",1.93610064952499,"(3) 50–64","(2) Some college / 2-yr degree","(1) Male","(2) ≥ $50,000","(3) Hispanic","(3) Central"
"10","likert_scale",4,"HIGH",100,100,100,5,100,100,100,2,"","It's much more descriptive ",1.07410902732743,"(3) 50–64","(1) HS or less","(1) Male","(1) < $50,000","(1) White","(1) Eastern"
"11","levels_scale",1,"LEVEL 1 OF 5",100,100,100,1,50,50,50,1,"","",3.21251885110951,"(2) 30–49","(1) HS or less","(1) Male","(2) ≥ $50,000","(3) Hispanic","(3) Central"
"12","likert_scale",2,"LOW",50,30,20,1,40,60,50,2,"","As per experience ",2.09500558380728,"(4) 65+","(3) 4-yr / post-graduate degree","(2) Female","(2) ≥ $50,000","(4) Other","(4) Western"
"13","likert_scale",1,"VERY LOW",6,3,5,1,0,0,0,3,"","",0.533445977721088,"(3) 50–64","(2) Some college / 2-yr degree","(1) Male","(1) < $50,000","(1) White","(1) Eastern"
"14","spanish_scale",1,"MINIMAL",25,100,100,1,25,75,99,2,"","More people would be able to understand that list better, especially if they have lower ability to be able to comprehend the words ",0.420383997177623,"(3) 50–64","(2) Some college / 2-yr degree","(2) Female","(1) < $50,000","(1) White","(1) Eastern"
"15","spanish_scale",4,"HIGH",0,90,90,4,50,30,50,3,"","",0.459888712640981,"(4) 65+","(2) Some college / 2-yr degree","(2) Female","(1) < $50,000","(1) White","(3) Central"
"16","levels_scale",4,"LEVEL 4 OF 5",90,80,90,5,75,80,85,2,"","Numbers mean more towards a greater risk, than just words….??",0.287524096510331,"(3) 50–64","(3) 4-yr / post-graduate degree","(2) Female","(1) < $50,000","(1) White","(1) Eastern"
"17","likert_scale",1,"VERY LOW",100,100,100,3,100,100,100,3,"","",0.703584533654593,"(2) 30–49","(1) HS or less","(2) Female","(1) < $50,000","(1) White","(2) Southern"
"18","spanish_scale",2,"LOW",5,2,1,2,3,1,2,2,"","It explains it clearly ",0.846455433484509,"(3) 50–64","(1) HS or less","(2) Female","(1) < $50,000","(1) White","(1) Eastern"
"19","levels_scale",3,"LEVEL 3 OF 5",75,100,100,4,100,100,100,2,"","It gives the odds of approaching bad weather.",0.902790559720795,"(4) 65+","(1) HS or less","(2) Female","(1) < $50,000","(1) White","(1) Eastern"
"20","likert_scale",2,"LOW",100,100,100,5,100,100,100,3,"","",1.08389823014315,"(1) 18–29","(1) HS or less","(1) Male","(1) < $50,000","(2) Black","(2) Southern"
"21","likert_scale",3,"MEDIUM",50,50,75,3,50,75,75,2,"","It uses simpler language",0.821113759331623,"(3) 50–64","(3) 4-yr / post-graduate degree","(2) Female","(2) ≥ $50,000","(1) White","(2) Southern"
"22","levels_scale",1,"LEVEL 1 OF 5",66,10,89,3,90,88,100,2,"","I think it is more helpful because it shows everything that you need to know",1.2010554087766,"(1) 18–29","(2) Some college / 2-yr degree","(2) Female","(2) ≥ $50,000","(2) Black","(2) Southern"
"23","current_scale",3,"ENHANCED",0,0,0,1,0,0,0,NA,"","",0.870898980004911,"(4) 65+","(1) HS or less","(2) Female","(1) < $50,000","(1) White","(4) Western"
"24","current_scale",3,"ENHANCED",65,50,50,4,75,60,75,NA,"","",2.41731462347251,"(3) 50–64","(1) HS or less","(2) Female","(2) ≥ $50,000","(1) White","(2) Southern"
"25","spanish_scale",5,"EXTREME",50,100,100,3,100,100,100,1,"Because I’m used to it","",0.334184867572192,"(2) 30–49","(2) Some college / 2-yr degree","(2) Female","(1) < $50,000","(1) White","(4) Western"
"26","spanish_scale",1,"MINIMAL",40,55,50,1,15,20,40,3,"","",1.03616552725455,"(3) 50–64","(1) HS or less","(1) Male","(1) < $50,000","(1) White","(4) Western"
"27","levels_scale",3,"LEVEL 3 OF 5",60,60,50,1,60,65,90,2,"","The current scale feels more subjective using adjectives and someone's interpretation of ""marginal to slight"" does not convey the same level of concern as seeing Level numbers like the ones used for Hurricanes, Category 5.",2.08855137774616,"(3) 50–64","(3) 4-yr / post-graduate degree","(2) Female","(2) ≥ $50,000","(4) Other","(3) Central"
"28","likert_scale",5,"VERY HIGH",100,100,75,5,100,100,75,2,"","Due to the description offered and words that humans use each day it makes perfect sense.",1.04195172772436,"(3) 50–64","(3) 4-yr / post-graduate degree","(1) Male","(2) ≥ $50,000","(1) White","(2) Southern"
"29","spanish_scale",2,"LOW",20,40,25,1,20,20,25,2,"","It's easier to understand ",0.853800592401998,"(3) 50–64","(1) HS or less","(2) Female","(1) < $50,000","(1) White","(2) Southern"
"30","levels_scale",3,"LEVEL 3 OF 5",80,100,80,4,80,90,95,1,"It seems to be more simple ","",1.10673755142537,"(4) 65+","(1) HS or less","(2) Female","(1) < $50,000","(2) Black","(2) Southern"
"31","levels_scale",3,"LEVEL 3 OF 5",50,50,50,1,50,50,50,2,"","Gives definitions",0.314543577979082,"(4) 65+","(3) 4-yr / post-graduate degree","(2) Female","(1) < $50,000","(1) White","(3) Central"
"32","spanish_scale",2,"LOW",10,1,98,1,10,20,90,2,"","I like the wording and the progression of the words.",0.890548446012557,"(4) 65+","(3) 4-yr / post-graduate degree","(2) Female","(2) ≥ $50,000","(1) White","(3) Central"
"33","spanish_scale",2,"LOW",25,60,75,2,50,75,75,2,"","Experimental scale indicates more emtional response is needed, Grabs your attention more.",0.573886107394608,"(4) 65+","(2) Some college / 2-yr degree","(1) Male","(1) < $50,000","(1) White","(2) Southern"
"34","spanish_scale",3,"MODERATE",70,60,40,3,70,60,40,2,"","On a scale, moderate is usually in the middle of the scale.",0.68807292717717,"(2) 30–49","(3) 4-yr / post-graduate degree","(2) Female","(2) ≥ $50,000","(1) White","(3) Central"
"35","levels_scale",2,"LEVEL 2 OF 5",50,25,25,1,25,25,25,1,"It tells you that there is a high risk for severe storms expected","",0.910624569484381,"(4) 65+","(1) HS or less","(2) Female","(1) < $50,000","(1) White","(2) Southern"
"36","spanish_scale",3,"MODERATE",80,60,90,4,60,80,30,3,"","",1.00601949884243,"(2) 30–49","(2) Some college / 2-yr degree","(2) Female","(2) ≥ $50,000","(1) White","(3) Central"
"37","likert_scale",5,"VERY HIGH",75,80,95,4,75,95,100,2,"","I believe that low, medium and high are simpler to define.",0.236937651669409,"(2) 30–49","(3) 4-yr / post-graduate degree","(2) Female","(1) < $50,000","(1) White","(1) Eastern"
"38","levels_scale",1,"LEVEL 1 OF 5",10,50,100,2,10,50,100,1,"easy to understand","",3.66642632121845,"(3) 50–64","(1) HS or less","(1) Male","(2) ≥ $50,000","(3) Hispanic","(4) Western"
"39","levels_scale",5,"LEVEL 5 OF 5",100,100,75,4,100,100,75,2,"","Visualization of the map helps me understand the areas where the indicated. ",0.309321077334542,"(4) 65+","(3) 4-yr / post-graduate degree","(2) Female","(1) < $50,000","(1) White","(2) Southern"
"40","levels_scale",4,"LEVEL 4 OF 5",8,7,7,1,5,5,5,2,"","Because gives you an idea of what might be ",1.19203228255475,"(2) 30–49","(2) Some college / 2-yr degree","(2) Female","(2) ≥ $50,000","(2) Black","(1) Eastern"
"41","likert_scale",1,"VERY LOW",10,0,100,1,0,0,100,2,"","The experimental scale offers more descriptions ",2.45812796631977,"(3) 50–64","(1) HS or less","(2) Female","(2) ≥ $50,000","(1) White","(3) Central"
"42","current_scale",3,"ENHANCED",80,60,90,5,50,70,90,NA,"","",0.888792120919643,"(2) 30–49","(2) Some college / 2-yr degree","(2) Female","(1) < $50,000","(4) Other","(3) Central"
"43","spanish_scale",4,"HIGH",100,99,100,5,10,100,100,1,"I enjoy the weather outlook and the temperature.","",0.287964771912052,"(2) 30–49","(3) 4-yr / post-graduate degree","(2) Female","(1) < $50,000","(2) Black","(1) Eastern"
"44","levels_scale",4,"LEVEL 4 OF 5",40,40,40,3,65,65,80,2,"","The storm seemed more severe than than I thought, and moderate makes it sound less dangerous. The experimental scale show a more direct degree of perceived severity. ",1.06387884200212,"(2) 30–49","(3) 4-yr / post-graduate degree","(1) Male","(2) ≥ $50,000","(3) Hispanic","(1) Eastern"
"45","likert_scale",5,"VERY HIGH",8,8,8,5,8,8,8,2,"","8",1.22445407766195,"(1) 18–29","(2) Some college / 2-yr degree","(2) Female","(2) ≥ $50,000","(3) Hispanic","(1) Eastern"
"46","likert_scale",4,"HIGH",90,100,50,5,90,100,50,1,"The experimental scale seems overly optimistic at the one end and a little hyperbolic at the other.","",1.45696106176616,"(3) 50–64","(2) Some college / 2-yr degree","(1) Male","(2) ≥ $50,000","(1) White","(4) Western"
"47","likert_scale",2,"LOW",49,50,90,5,50,50,50,1,"Low","",0.697531668082035,"(2) 30–49","(1) HS or less","(2) Female","(1) < $50,000","(1) White","(1) Eastern"
"48","levels_scale",1,"LEVEL 1 OF 5",20,30,60,3,20,30,60,2,"","The values 1 - 5 seem to better describe the risk, while the Current scale leaves more room for interpretation",1.04195172772436,"(3) 50–64","(3) 4-yr / post-graduate degree","(1) Male","(2) ≥ $50,000","(1) White","(2) Southern"
"49","spanish_scale",4,"HIGH",50,40,80,3,70,80,50,2,"","Just thinking if will ",1.0731107033079,"(2) 30–49","(3) 4-yr / post-graduate degree","(1) Male","(2) ≥ $50,000","(3) Hispanic","(2) Southern"
"50","levels_scale",5,"LEVEL 5 OF 5",20,80,100,4,70,100,100,3,"","",1.08389823014315,"(1) 18–29","(1) HS or less","(1) Male","(1) < $50,000","(2) Black","(2) Southern"
"51","likert_scale",5,"VERY HIGH",80,85,75,5,20,50,75,2,"","Much easier to understand",0.439592502985867,"(2) 30–49","(2) Some college / 2-yr degree","(1) Male","(1) < $50,000","(1) White","(1) Eastern"
"52","spanish_scale",1,"MINIMAL",50,60,95,2,40,50,95,2,"","The wording is easier to understand,and  is better at making you understand the severity.",0.853800592401998,"(3) 50–64","(1) HS or less","(2) Female","(1) < $50,000","(1) White","(2) Southern"
"53","likert_scale",3,"MEDIUM",50,1,20,1,50,1,20,3,"","",0.892813099415454,"(2) 30–49","(1) HS or less","(1) Male","(1) < $50,000","(1) White","(2) Southern"
"54","levels_scale",1,"LEVEL 1 OF 5",15,20,70,1,40,30,70,1,"It’s much easier for people to understand ","",0.349044688719138,"(1) 18–29","(2) Some college / 2-yr degree","(2) Female","(1) < $50,000","(1) White","(2) Southern"
"55","likert_scale",5,"VERY HIGH",50,50,50,3,50,50,50,1,"N/A","",0.421028301043217,"(2) 30–49","(2) Some college / 2-yr degree","(2) Female","(1) < $50,000","(2) Black","(1) Eastern"
"56","spanish_scale",2,"LOW",80,90,100,1,100,0,100,1,"It is something that I have been used to.","",0.300661866537042,"(2) 30–49","(3) 4-yr / post-graduate degree","(1) Male","(1) < $50,000","(1) White","(1) Eastern"
"57","levels_scale",3,"LEVEL 3 OF 5",90,100,75,4,98,100,80,1,"Easy to understand","",0.452252984982464,"(4) 65+","(2) Some college / 2-yr degree","(2) Female","(1) < $50,000","(1) White","(2) Southern"
"58","likert_scale",5,"VERY HIGH",80,90,20,5,80,80,20,2,"","It's detailed and more explainable ",0.851245985500946,"(2) 30–49","(3) 4-yr / post-graduate degree","(1) Male","(2) ≥ $50,000","(1) White","(1) Eastern"
"59","current_scale",1,"MARGINAL ",89,97,100,1,93,97,99,NA,"","",2.50326944293144,"(1) 18–29","(1) HS or less","(1) Male","(2) ≥ $50,000","(1) White","(1) Eastern"
"60","levels_scale",2,"LEVEL 2 OF 5",25,25,25,2,25,25,25,2,"","It gives you an actual word vs a number ",0.647130069334097,"(2) 30–49","(3) 4-yr / post-graduate degree","(2) Female","(2) ≥ $50,000","(1) White","(4) Western"
"61","current_scale",5,"HIGH",0,0,0,5,0,0,0,NA,"","",2.39755517542279,"(1) 18–29","(1) HS or less","(2) Female","(2) ≥ $50,000","(2) Black","(1) Eastern"
"62","likert_scale",1,"VERY LOW",3,2,1,1,1,2,1,2,"","It makes sense to me ",1.148163338852,"(3) 50–64","(2) Some college / 2-yr degree","(2) Female","(2) ≥ $50,000","(1) White","(4) Western"
"63","levels_scale",1,"LEVEL 1 OF 5",25,30,20,2,35,40,50,1,"More descriptive ","",0.295827083709379,"(4) 65+","(3) 4-yr / post-graduate degree","(2) Female","(1) < $50,000","(1) White","(4) Western"
"64","current_scale",2,"SLIGHT",50,60,30,2,60,34,75,NA,"","",0.873129657279388,"(2) 30–49","(3) 4-yr / post-graduate degree","(1) Male","(2) ≥ $50,000","(1) White","(3) Central"
"65","likert_scale",2,"LOW",60,50,100,1,60,60,100,1,"I have been in some nasty storms, and I understand them well.","",0.920537312691859,"(3) 50–64","(3) 4-yr / post-graduate degree","(1) Male","(1) < $50,000","(4) Other","(2) Southern"
"66","levels_scale",5,"LEVEL 5 OF 5",50,50,50,1,100,100,100,1,"It tells you how much risk you have.","",0.893197213108943,"(1) 18–29","(1) HS or less","(2) Female","(1) < $50,000","(3) Hispanic","(3) Central"
"67","spanish_scale",1,"MINIMAL",10,10,75,1,10,10,75,2,"","I feel like ""enhanced"" is a confusing term, and the current scale doesnt seem to convey the seriousness as well as the experimental scale does. ",0.349428530918024,"(2) 30–49","(2) Some college / 2-yr degree","(2) Female","(1) < $50,000","(1) White","(2) Southern"
"68","spanish_scale",4,"HIGH",39,40,50,2,40,40,50,2,"","Because it shows you what to look for",0.420383997177623,"(3) 50–64","(2) Some college / 2-yr degree","(2) Female","(1) < $50,000","(1) White","(1) Eastern"
"69","current_scale",5,"HIGH",70,95,99,4,100,100,80,NA,"","",0.334184867572192,"(2) 30–49","(2) Some college / 2-yr degree","(2) Female","(1) < $50,000","(1) White","(4) Western"
"70","current_scale",1,"MARGINAL ",50,30,20,5,50,20,30,NA,"","",0.851245985500946,"(2) 30–49","(3) 4-yr / post-graduate degree","(1) Male","(2) ≥ $50,000","(1) White","(1) Eastern"
"71","levels_scale",1,"LEVEL 1 OF 5",1,1,1,1,1,1,1,2,"","none",1.4591940812208,"(2) 30–49","(2) Some college / 2-yr degree","(1) Male","(2) ≥ $50,000","(2) Black","(4) Western"
"72","likert_scale",5,"VERY HIGH",100,100,100,1,100,100,100,3,"","",1.25401297741888,"(1) 18–29","(2) Some college / 2-yr degree","(1) Male","(2) ≥ $50,000","(1) White","(2) Southern"
"73","levels_scale",2,"LEVEL 2 OF 5",30,50,50,5,50,50,50,2,"","I know levels",0.35532819589936,"(2) 30–49","(2) Some college / 2-yr degree","(2) Female","(1) < $50,000","(1) White","(3) Central"
"74","likert_scale",1,"VERY LOW",15,10,90,2,0,0,95,2,"","The English language used on the experimental scale is easier understood by those who do not speak it.",0.432523650826182,"(4) 65+","(2) Some college / 2-yr degree","(2) Female","(1) < $50,000","(1) White","(4) Western"
"75","current_scale",5,"HIGH",75,75,75,3,70,70,70,NA,"","",0.834977241168367,"(3) 50–64","(3) 4-yr / post-graduate degree","(2) Female","(2) ≥ $50,000","(1) White","(3) Central"
"76","current_scale",3,"ENHANCED",100,100,50,5,70,100,70,NA,"","",0.821175246599086,"(2) 30–49","(3) 4-yr / post-graduate degree","(1) Male","(2) ≥ $50,000","(1) White","(4) Western"
"77","levels_scale",2,"LEVEL 2 OF 5",10,50,100,1,10,50,100,2,"","I can’t explain how I understand it I just do . Not sure if others would . Just be around a storm spotter for 30 yrs you understand",0.853800592401998,"(3) 50–64","(1) HS or less","(2) Female","(1) < $50,000","(1) White","(2) Southern"
"78","spanish_scale",3,"MODERATE",0,100,1,4,100,0,0,1,"I don’t know ","",2.48686825353889,"(1) 18–29","(1) HS or less","(2) Female","(2) ≥ $50,000","(3) Hispanic","(2) Southern"
"79","spanish_scale",5,"EXTREME",100,100,100,5,100,100,100,3,"","",2.45812796631977,"(3) 50–64","(1) HS or less","(2) Female","(2) ≥ $50,000","(1) White","(3) Central"
"80","levels_scale",1,"LEVEL 1 OF 5",10,1,3,4,1,3,2,2,"","Scale ",0.821113759331623,"(3) 50–64","(3) 4-yr / post-graduate degree","(2) Female","(2) ≥ $50,000","(1) White","(2) Southern"
"81","spanish_scale",3,"MODERATE",88,100,67,4,56,69,90,2,"","It's more practical ",0.878367080345995,"(1) 18–29","(1) HS or less","(2) Female","(1) < $50,000","(3) Hispanic","(2) Southern"
"82","likert_scale",4,"HIGH",100,100,100,5,4,3,2,2,"","",0.73996036393915,"(4) 65+","(3) 4-yr / post-graduate degree","(2) Female","(1) < $50,000","(4) Other","(4) Western"
"83","levels_scale",2,"LEVEL 2 OF 5",100,50,100,4,48,100,56,2,"","Storms not that severe",0.696765439610176,"(1) 18–29","(1) HS or less","(2) Female","(1) < $50,000","(1) White","(1) Eastern"
"84","spanish_scale",3,"MODERATE",50,50,50,5,50,50,50,1,"It’s awesome and perfect ","",0.850310904069533,"(1) 18–29","(3) 4-yr / post-graduate degree","(1) Male","(2) ≥ $50,000","(1) White","(1) Eastern"
"85","likert_scale",2,"LOW",10,10,10,4,0,0,0,1,"No comment ","",2.39651871372381,"(3) 50–64","(1) HS or less","(2) Female","(2) ≥ $50,000","(1) White","(1) Eastern"
"86","levels_scale",3,"LEVEL 3 OF 5",100,95,98,4,85,90,80,1,"Because it gives more understanding ","",0.676648560071154,"(2) 30–49","(3) 4-yr / post-graduate degree","(2) Female","(2) ≥ $50,000","(1) White","(2) Southern"
"87","levels_scale",3,"LEVEL 3 OF 5",90,95,97,2,100,100,100,1,"I understand the words.","",2.31186035439963,"(3) 50–64","(1) HS or less","(2) Female","(2) ≥ $50,000","(1) White","(4) Western"
"88","current_scale",1,"MARGINAL ",100,100,75,4,50,100,100,NA,"","",0.847752758100835,"(2) 30–49","(1) HS or less","(2) Female","(1) < $50,000","(2) Black","(1) Eastern"
"89","current_scale",5,"HIGH",100,100,100,3,100,100,100,NA,"","",0.851245985500946,"(2) 30–49","(3) 4-yr / post-graduate degree","(1) Male","(2) ≥ $50,000","(1) White","(1) Eastern"
"90","spanish_scale",3,"MODERATE",30,30,40,1,60,90,20,2,"","You can have a clearer understanding of the weather",1.24322483240504,"(1) 18–29","(2) Some college / 2-yr degree","(1) Male","(2) ≥ $50,000","(1) White","(1) Eastern"
"91","likert_scale",3,"MEDIUM",100,100,100,1,75,60,50,2,"","I understand experimental skill to be more helpful because it could be understood by more people cuz low medium high can tell you the effect and the damage that can possibly happen of the storm",1.22580060193461,"(2) 30–49","(2) Some college / 2-yr degree","(2) Female","(2) ≥ $50,000","(3) Hispanic","(1) Eastern"
"92","spanish_scale",5,"EXTREME",100,95,90,1,100,95,90,1,"Marginal ","",0.851245985500946,"(2) 30–49","(3) 4-yr / post-graduate degree","(1) Male","(2) ≥ $50,000","(1) White","(1) Eastern"
"93","likert_scale",4,"HIGH",100,99,100,3,100,100,100,1,"High","",0.851245985500946,"(2) 30–49","(3) 4-yr / post-graduate degree","(1) Male","(2) ≥ $50,000","(1) White","(1) Eastern"
"94","levels_scale",5,"LEVEL 5 OF 5",90,100,90,5,100,100,95,2,"","Having five noted as the worst scenario it’s easier to judge the other levels relative to the number five",0.868228198689766,"(4) 65+","(3) 4-yr / post-graduate degree","(2) Female","(2) ≥ $50,000","(1) White","(1) Eastern"
"95","levels_scale",1,"LEVEL 1 OF 5",50,50,60,1,30,20,30,1,"It just comes off more transparent to me for some reason.","",1.24459199875595,"(2) 30–49","(2) Some college / 2-yr degree","(1) Male","(2) ≥ $50,000","(1) White","(1) Eastern"
"96","likert_scale",2,"LOW",100,100,100,5,100,100,100,1,"","",0.703584533654593,"(2) 30–49","(1) HS or less","(2) Female","(1) < $50,000","(1) White","(2) Southern"
"97","likert_scale",1,"VERY LOW",10,50,10,1,10,50,10,2,"","Current scale has more mild risk categories. Experimental has ranges of mild to severe with equal risk category ranges.",0.68807292717717,"(2) 30–49","(3) 4-yr / post-graduate degree","(2) Female","(2) ≥ $50,000","(1) White","(3) Central"
"98","levels_scale",2,"LEVEL 2 OF 5",100,100,100,1,100,100,100,3,"","",0.715463681083415,"(2) 30–49","(1) HS or less","(2) Female","(1) < $50,000","(1) White","(3) Central"
"99","spanish_scale",5,"EXTREME",60,40,50,4,100,80,90,3,"","",0.878367080345995,"(1) 18–29","(1) HS or less","(2) Female","(1) < $50,000","(3) Hispanic","(2) Southern"
"100","levels_scale",4,"LEVEL 4 OF 5",90,80,95,3,90,80,95,2,"","The numbers make it easier to measure the threat. Not a lot of people I know what those words mean, but most everyone knows what one out of five, or 3 out of 5 mean. ",1.22133373154889,"(1) 18–29","(2) Some college / 2-yr degree","(2) Female","(2) ≥ $50,000","(2) Black","(3) Central"
"101","levels_scale",3,"LEVEL 3 OF 5",12,28,34,1,27,45,33,3,"","",0.436232611450116,"(1) 18–29","(2) Some college / 2-yr degree","(2) Female","(1) < $50,000","(3) Hispanic","(2) Southern"
"102","current_scale",5,"HIGH",60,60,60,5,70,70,70,NA,"","",2.51361983670766,"(1) 18–29","(2) Some college / 2-yr degree","(2) Female","(2) ≥ $50,000","(4) Other","(3) Central"
"103","levels_scale",2,"LEVEL 2 OF 5",7,6,4,1,6,7,4,3,"","",0.834987505931585,"(1) 18–29","(2) Some college / 2-yr degree","(2) Female","(1) < $50,000","(4) Other","(4) Western"
"104","levels_scale",2,"LEVEL 2 OF 5",30,30,89,3,30,30,89,2,"","The numbers kind of simplify how dangerous it is for me to understand, whereas the words take a bit more time to process. I'd know I was in extreme danger if someone announced that there is a level 5 tornado headed my way.",0.702811656197247,"(1) 18–29","(1) HS or less","(2) Female","(1) < $50,000","(1) White","(2) Southern"
"105","likert_scale",4,"HIGH",40,50,100,5,75,90,100,1,"I understand the language","",1.98982866630834,"(1) 18–29","(1) HS or less","(2) Female","(2) ≥ $50,000","(1) White","(2) Southern"
"106","spanish_scale",4,"HIGH",50,75,50,3,50,50,50,2,"","No",0.854169849527979,"(1) 18–29","(1) HS or less","(2) Female","(1) < $50,000","(2) Black","(2) Southern"
"107","current_scale",2,"SLIGHT",10,30,90,2,20,20,100,NA,"","",0.354937873003626,"(1) 18–29","(2) Some college / 2-yr degree","(2) Female","(1) < $50,000","(1) White","(3) Central"
"108","levels_scale",1,"LEVEL 1 OF 5",90,96,100,4,80,75,90,1,"Opinion","",0.891832357109227,"(1) 18–29","(1) HS or less","(1) Male","(1) < $50,000","(1) White","(2) Southern"
"109","levels_scale",2,"LEVEL 2 OF 5",84,46,93,1,57,83,75,2,"","enchanted ",0.844739745831025,"(1) 18–29","(3) 4-yr / post-graduate degree","(2) Female","(2) ≥ $50,000","(3) Hispanic","(2) Southern"
"110","spanish_scale",3,"MODERATE",20,50,10,3,70,100,20,2,"","Simple words",2.36405025537264,"(1) 18–29","(2) Some college / 2-yr degree","(2) Female","(2) ≥ $50,000","(4) Other","(4) Western"
"111","likert_scale",5,"VERY HIGH",27,15,83,5,14,75,44,2,"","The first time you were able and I didn’t have a chance I just wanted you know I love your mom ",1.23643754732617,"(2) 30–49","(2) Some college / 2-yr degree","(2) Female","(2) ≥ $50,000","(3) Hispanic","(2) Southern"
"112","likert_scale",1,"VERY LOW",50,50,50,2,50,50,50,1,"It’s better understanding ","",0.538307691694516,"(1) 18–29","(2) Some college / 2-yr degree","(1) Male","(1) < $50,000","(2) Black","(2) Southern"
"113","current_scale",5,"HIGH",80,10,7,3,80,7,40,NA,"","",0.714677754554037,"(1) 18–29","(1) HS or less","(2) Female","(1) < $50,000","(1) White","(3) Central"
"114","spanish_scale",1,"MINIMAL",30,10,40,2,10,5,30,2,"","I think the word extreme tells me I’d better find some shelter. ",0.290144530398826,"(1) 18–29","(3) 4-yr / post-graduate degree","(2) Female","(1) < $50,000","(2) Black","(2) Southern"
"115","current_scale",1,"MARGINAL ",6,6,100,5,30,30,50,NA,"","",0.696765439610176,"(1) 18–29","(1) HS or less","(2) Female","(1) < $50,000","(1) White","(1) Eastern"
"116","levels_scale",4,"LEVEL 4 OF 5",7,4,8,5,85,55,63,3,"","",1.97271037439958,"(1) 18–29","(1) HS or less","(2) Female","(2) ≥ $50,000","(1) White","(1) Eastern"
"117","current_scale",1,"MARGINAL ",90,87,87,3,1,1,1,NA,"","",1.23507933852249,"(1) 18–29","(2) Some college / 2-yr degree","(2) Female","(2) ≥ $50,000","(3) Hispanic","(2) Southern"
"118","current_scale",3,"ENHANCED",55,80,60,1,60,80,80,NA,"","",0.714677754554037,"(1) 18–29","(1) HS or less","(2) Female","(1) < $50,000","(1) White","(3) Central"
"119","likert_scale",4,"HIGH",100,10,10,5,10,8,9,1,"Keeps you safe","",1.13342197572599,"(1) 18–29","(1) HS or less","(1) Male","(1) < $50,000","(3) Hispanic","(3) Central"
"120","likert_scale",1,"VERY LOW",10,20,10,5,10,10,10,3,"","",0.846821513929312,"(1) 18–29","(1) HS or less","(2) Female","(1) < $50,000","(2) Black","(1) Eastern"
"121","current_scale",2,"SLIGHT",50,70,30,5,30,50,70,NA,"","",1.22133373154889,"(1) 18–29","(2) Some college / 2-yr degree","(2) Female","(2) ≥ $50,000","(2) Black","(3) Central"
"122","current_scale",2,"SLIGHT",10,15,5,1,15,10,5,NA,"","",0.979727744259363,"(1) 18–29","(2) Some college / 2-yr degree","(2) Female","(2) ≥ $50,000","(1) White","(1) Eastern"
"123","spanish_scale",3,"MODERATE",70,60,65,2,75,65,70,3,"","",1.97271037439958,"(1) 18–29","(1) HS or less","(2) Female","(2) ≥ $50,000","(1) White","(1) Eastern"
"124","spanish_scale",2,"LOW",0,0,0,5,0,0,0,3,"","",0.417202158922532,"(1) 18–29","(2) Some college / 2-yr degree","(2) Female","(1) < $50,000","(3) Hispanic","(4) Western"
"125","current_scale",1,"MARGINAL ",50,50,50,5,5,50,50,NA,"","",0.417202158922532,"(1) 18–29","(2) Some college / 2-yr degree","(2) Female","(1) < $50,000","(3) Hispanic","(4) Western"
"126","levels_scale",5,"LEVEL 5 OF 5",75,80,50,5,99,100,75,1,"the words convey a sense of urgency to me","",1.97271037439958,"(1) 18–29","(1) HS or less","(2) Female","(2) ≥ $50,000","(1) White","(1) Eastern"
"127","current_scale",2,"SLIGHT",50,50,50,2,50,50,50,NA,"","",0.979727744259363,"(1) 18–29","(2) Some college / 2-yr degree","(2) Female","(2) ≥ $50,000","(1) White","(1) Eastern"
"128","likert_scale",2,"LOW",25,30,45,1,85,90,95,1,"Easier to understand ","",0.333817770317522,"(1) 18–29","(2) Some college / 2-yr degree","(2) Female","(1) < $50,000","(1) White","(4) Western"
"129","levels_scale",4,"LEVEL 4 OF 5",100,100,100,3,50,50,50,2,"","Slight",0.714677754554037,"(1) 18–29","(1) HS or less","(2) Female","(1) < $50,000","(1) White","(3) Central"
"130","levels_scale",5,"LEVEL 5 OF 5",57,85,28,2,0,67,90,3,"","",0.333817770317522,"(1) 18–29","(2) Some college / 2-yr degree","(2) Female","(1) < $50,000","(1) White","(4) Western"
"131","likert_scale",2,"LOW",59,40,20,1,25,26,26,2,"","nothing  ",1.00491440094002,"(1) 18–29","(2) Some college / 2-yr degree","(2) Female","(2) ≥ $50,000","(1) White","(3) Central"
"132","likert_scale",4,"HIGH",50,20,50,2,20,20,50,2,"","i don’t know ",1.68127168501335,"(1) 18–29","(1) HS or less","(2) Female","(1) < $50,000","(4) Other","(4) Western"
"133","levels_scale",3,"LEVEL 3 OF 5",47,47,50,1,36,69,100,2,"","That’s the energy it gives off",1.61690601532065,"(1) 18–29","(3) 4-yr / post-graduate degree","(2) Female","(2) ≥ $50,000","(4) Other","(4) Western"
"134","levels_scale",5,"LEVEL 5 OF 5",80,95,20,5,95,95,50,2,"","Level 1 is not bad, easy in game terms so it would be easy to survive, while level 5 is harder, the hardest level to prepare for and survive",0.295797055458108,"(1) 18–29","(3) 4-yr / post-graduate degree","(2) Female","(1) < $50,000","(3) Hispanic","(1) Eastern"
"135","spanish_scale",2,"LOW",5,0,0,2,20,20,15,2,"","More explanatory in the words",0.242761836648949,"(1) 18–29","(3) 4-yr / post-graduate degree","(2) Female","(1) < $50,000","(1) White","(3) Central"
"136","spanish_scale",4,"HIGH",55,30,75,5,85,100,75,2,"","",0.714677754554037,"(1) 18–29","(1) HS or less","(2) Female","(1) < $50,000","(1) White","(3) Central"
"137","likert_scale",5,"VERY HIGH",50,70,100,5,60,70,40,1,"i really dont know","",0.821468879847552,"(1) 18–29","(3) 4-yr / post-graduate degree","(2) Female","(2) ≥ $50,000","(2) Black","(2) Southern"
"138","spanish_scale",5,"EXTREME",80,80,80,4,100,100,70,2,"","Simpler terms.",1.97271037439958,"(1) 18–29","(1) HS or less","(2) Female","(2) ≥ $50,000","(1) White","(1) Eastern"
"139","current_scale",5,"HIGH",80,80,80,5,100,100,100,NA,"","",2.45061976446903,"(1) 18–29","(2) Some college / 2-yr degree","(2) Female","(2) ≥ $50,000","(4) Other","(1) Eastern"
"140","current_scale",5,"HIGH",80,70,65,4,100,99,70,NA,"","",1.97271037439958,"(1) 18–29","(1) HS or less","(2) Female","(2) ≥ $50,000","(1) White","(1) Eastern"
"141","levels_scale",5,"LEVEL 5 OF 5",100,100,95,1,100,100,100,2,"","it’s easier to understand the severity of what’s happening",0.646419206291157,"(1) 18–29","(3) 4-yr / post-graduate degree","(2) Female","(2) ≥ $50,000","(1) White","(4) Western"
"142","likert_scale",4,"HIGH",70,67,89,5,67,76,77,2,"","easier words to understand",0.354937873003626,"(1) 18–29","(2) Some college / 2-yr degree","(2) Female","(1) < $50,000","(1) White","(3) Central"
"143","spanish_scale",3,"MODERATE",100,100,100,3,50,100,50,3,"","",0.349044688719138,"(1) 18–29","(2) Some college / 2-yr degree","(2) Female","(1) < $50,000","(1) White","(2) Southern"
"144","spanish_scale",3,"MODERATE",40,50,70,2,50,60,70,2,"","The only way I could see the picture is by looking ",3.018043297313,"(1) 18–29","(1) HS or less","(1) Male","(2) ≥ $50,000","(3) Hispanic","(4) Western"
"145","levels_scale",2,"LEVEL 2 OF 5",70,95,85,2,100,60,50,2,"","It gives you a range of how high the risks are",2.52885592269131,"(1) 18–29","(1) HS or less","(2) Female","(2) ≥ $50,000","(3) Hispanic","(3) Central"
"146","spanish_scale",1,"MINIMAL",100,98,72,5,65,23,77,3,"","",1.00491440094002,"(1) 18–29","(2) Some college / 2-yr degree","(2) Female","(2) ≥ $50,000","(1) White","(3) Central"
"147","spanish_scale",3,"MODERATE",45,0,45,2,60,45,50,1,"It’s easier to read and understand. ","",0.354937873003626,"(1) 18–29","(2) Some college / 2-yr degree","(2) Female","(1) < $50,000","(1) White","(3) Central"
"148","likert_scale",5,"VERY HIGH",90,100,99,3,90,100,99,2,"","Accurate ",2.56762302320692,"(1) 18–29","(1) HS or less","(1) Male","(2) ≥ $50,000","(1) White","(3) Central"
"149","spanish_scale",5,"EXTREME",50,70,75,4,90,95,70,1,"It is more straightforward ","",0.945118315616718,"(1) 18–29","(2) Some college / 2-yr degree","(2) Female","(2) ≥ $50,000","(1) White","(4) Western"
"150","levels_scale",1,"LEVEL 1 OF 5",45,50,24,2,67,54,89,2,"","63",0.436232611450116,"(1) 18–29","(2) Some college / 2-yr degree","(2) Female","(1) < $50,000","(3) Hispanic","(2) Southern"
"151","spanish_scale",5,"EXTREME",80,75,58,5,100,97,77,2,"","It uses more common words that more people can understand.",0.300331593815265,"(1) 18–29","(3) 4-yr / post-graduate degree","(1) Male","(1) < $50,000","(1) White","(1) Eastern"
"152","spanish_scale",3,"MODERATE",78,68,42,5,73,28,53,3,"","",1.9030232808826,"(1) 18–29","(1) HS or less","(2) Female","(2) ≥ $50,000","(1) White","(4) Western"
"153","likert_scale",1,"VERY LOW",50,60,33,4,66,99,99,2,"","55",0.850310904069533,"(1) 18–29","(3) 4-yr / post-graduate degree","(1) Male","(2) ≥ $50,000","(1) White","(1) Eastern"
"154","levels_scale",3,"LEVEL 3 OF 5",10,0,2,5,0,0,0,2,"","",0.979727744259363,"(1) 18–29","(2) Some college / 2-yr degree","(2) Female","(2) ≥ $50,000","(1) White","(1) Eastern"
"155","spanish_scale",3,"MODERATE",40,79,30,3,35,30,15,2,"","no i’m not sure",1.22445407766195,"(1) 18–29","(2) Some college / 2-yr degree","(2) Female","(2) ≥ $50,000","(3) Hispanic","(1) Eastern"
"156","spanish_scale",1,"MINIMAL",50,0,100,2,0,50,100,2,"","Science would help because I understand science 


",0.23873115874888,"(1) 18–29","(3) 4-yr / post-graduate degree","(2) Female","(1) < $50,000","(1) White","(2) Southern"
"157","levels_scale",5,"LEVEL 5 OF 5",90,80,90,5,100,90,90,2,"","I understand it better than the words ",0.988229380249616,"(1) 18–29","(2) Some college / 2-yr degree","(2) Female","(2) ≥ $50,000","(1) White","(2) Southern"
"158","spanish_scale",1,"MINIMAL",0,5,90,2,0,5,90,2,"","The terms used in the experimental scale feel more accurate and understandable to a broad group of people",0.878367080345995,"(1) 18–29","(1) HS or less","(2) Female","(1) < $50,000","(3) Hispanic","(2) Southern"
"159","current_scale",4,"MODERATE",49,50,50,1,50,50,50,NA,"","",0.333817770317522,"(1) 18–29","(2) Some college / 2-yr degree","(2) Female","(1) < $50,000","(1) White","(4) Western"
"160","current_scale",2,"SLIGHT",16,17,23,3,31,21,11,NA,"","",0.878367080345995,"(1) 18–29","(1) HS or less","(2) Female","(1) < $50,000","(3) Hispanic","(2) Southern"
"161","levels_scale",3,"LEVEL 3 OF 5",65,75,50,3,70,60,50,2,"","It ranks the level of storms rather than explaining them.",0.670090527673571,"(1) 18–29","(3) 4-yr / post-graduate degree","(2) Female","(2) ≥ $50,000","(1) White","(1) Eastern"
"162","spanish_scale",2,"LOW",0,0,80,1,50,50,50,1,"I accidentally clicked too fast","",0.979727744259363,"(1) 18–29","(2) Some college / 2-yr degree","(2) Female","(2) ≥ $50,000","(1) White","(1) Eastern"
"163","likert_scale",5,"VERY HIGH",45,60,40,5,75,70,65,3,"","",0.846821513929312,"(1) 18–29","(1) HS or less","(2) Female","(1) < $50,000","(2) Black","(1) Eastern"
"164","levels_scale",2,"LEVEL 2 OF 5",80,80,100,4,90,90,100,2,"","the rankings out of five are a lot more easier to understand than trying to decider which word is a greater risk than another word",1.00491440094002,"(1) 18–29","(2) Some college / 2-yr degree","(2) Female","(2) ≥ $50,000","(1) White","(3) Central"
"165","likert_scale",4,"HIGH",65,70,50,3,60,70,50,1,"It’s what has been previously documented as the most accurate scale ","",1.22445407766195,"(1) 18–29","(2) Some college / 2-yr degree","(2) Female","(2) ≥ $50,000","(3) Hispanic","(1) Eastern"
"166","likert_scale",5,"VERY HIGH",85,75,100,3,85,85,100,1,"It’s better focused on the sizing.","",1.00491440094002,"(1) 18–29","(2) Some college / 2-yr degree","(2) Female","(2) ≥ $50,000","(1) White","(3) Central"
"167","likert_scale",1,"VERY LOW",10,6,0,2,2,0,0,1,"Because it is current ","",1.22445407766195,"(1) 18–29","(2) Some college / 2-yr degree","(2) Female","(2) ≥ $50,000","(3) Hispanic","(1) Eastern"
"168","spanish_scale",2,"LOW",70,78,74,4,52,72,64,2,"","Hsvev jdbrv hebekob. Jehevsj jagg fjib ",0.354937873003626,"(1) 18–29","(2) Some college / 2-yr degree","(2) Female","(1) < $50,000","(1) White","(3) Central"
"169","spanish_scale",1,"MINIMAL",55,78,45,3,0,0,0,2,"","",0.837472536447166,"(1) 18–29","(3) 4-yr / post-graduate degree","(2) Female","(2) ≥ $50,000","(3) Hispanic","(1) Eastern"
"170","likert_scale",4,"HIGH",98,100,100,3,100,100,100,2,"","It’s easier for children to understand and learn ",0.988229380249616,"(1) 18–29","(2) Some college / 2-yr degree","(2) Female","(2) ≥ $50,000","(1) White","(2) Southern"
"171","current_scale",5,"HIGH",98,96,95,3,86,78,56,NA,"","",0.702811656197247,"(1) 18–29","(1) HS or less","(2) Female","(1) < $50,000","(1) White","(2) Southern"
"172","current_scale",3,"ENHANCED",60,100,50,5,30,50,80,NA,"","",1.98982866630834,"(1) 18–29","(1) HS or less","(2) Female","(2) ≥ $50,000","(1) White","(2) Southern"
"173","likert_scale",3,"MEDIUM",45,87,20,4,34,69,83,3,"","",2.52499168741622,"(1) 18–29","(1) HS or less","(1) Male","(2) ≥ $50,000","(1) White","(2) Southern"
"174","likert_scale",1,"VERY LOW",60,70,50,5,0,20,30,1,"I made a mistake I think that the experimental is easier to understand ","",0.417202158922532,"(1) 18–29","(2) Some college / 2-yr degree","(2) Female","(1) < $50,000","(3) Hispanic","(4) Western"
"175","spanish_scale",2,"LOW",70,50,90,1,50,60,100,1,"","",0.859002122986459,"(1) 18–29","(3) 4-yr / post-graduate degree","(2) Female","(2) ≥ $50,000","(3) Hispanic","(3) Central"
"176","likert_scale",2,"LOW",20,30,50,5,40,60,50,2,"","Because it has better wording",0.906889834278126,"(1) 18–29","(1) HS or less","(1) Male","(1) < $50,000","(1) White","(3) Central"
"177","spanish_scale",2,"LOW",23,20,22,3,30,34,43,2,"","Extremely ",1.07193190668553,"(1) 18–29","(3) 4-yr / post-graduate degree","(1) Male","(2) ≥ $50,000","(3) Hispanic","(2) Southern"
"178","current_scale",4,"MODERATE",90,90,50,3,90,90,50,NA,"","",1.98982866630834,"(1) 18–29","(1) HS or less","(2) Female","(2) ≥ $50,000","(1) White","(2) Southern"
"179","levels_scale",4,"LEVEL 4 OF 5",90,100,90,5,90,90,90,1,"becuase it provides an accurate name","",0.333817770317522,"(1) 18–29","(2) Some college / 2-yr degree","(2) Female","(1) < $50,000","(1) White","(4) Western"
"180","likert_scale",3,"MEDIUM",5,2,3,4,5,5,5,1,"Good","",3.15570972225202,"(1) 18–29","(1) HS or less","(1) Male","(2) ≥ $50,000","(3) Hispanic","(2) Southern"
"181","current_scale",5,"HIGH",1,2,2,1,1,1,1,NA,"","",0.850310904069533,"(1) 18–29","(3) 4-yr / post-graduate degree","(1) Male","(2) ≥ $50,000","(1) White","(1) Eastern"
"182","likert_scale",2,"LOW",5,5,5,5,40,50,50,1,"You can get it done before the election","",0.851245985500946,"(2) 30–49","(3) 4-yr / post-graduate degree","(1) Male","(2) ≥ $50,000","(1) White","(1) Eastern"
"183","levels_scale",5,"LEVEL 5 OF 5",75,90,78,5,100,100,78,1,"I clicked the wrong answer and meant to choose the experimental. I believe the experimental scale provides more intensity/warning than the current scale.","",0.242761836648949,"(1) 18–29","(3) 4-yr / post-graduate degree","(2) Female","(1) < $50,000","(1) White","(3) Central"
"184","current_scale",5,"HIGH",15,11,11,5,2,11,13,NA,"","",0.857689519023841,"(1) 18–29","(3) 4-yr / post-graduate degree","(1) Male","(2) ≥ $50,000","(1) White","(2) Southern"
"185","likert_scale",5,"VERY HIGH",90,50,30,3,70,30,30,2,"","The words used are simpler. ",0.814049801886174,"(3) 50–64","(3) 4-yr / post-graduate degree","(2) Female","(2) ≥ $50,000","(1) White","(1) Eastern"
"186","likert_scale",4,"HIGH",15,10,5,NA,18,16,25,2,"","No",0.81440186733673,"(1) 18–29","(3) 4-yr / post-graduate degree","(2) Female","(2) ≥ $50,000","(2) Black","(1) Eastern"
"187","likert_scale",5,"VERY HIGH",3,5,4,3,5,5,6,3,"","",0.417202158922532,"(1) 18–29","(2) Some college / 2-yr degree","(2) Female","(1) < $50,000","(3) Hispanic","(4) Western"
"188","levels_scale",2,"LEVEL 2 OF 5",75,80,95,3,60,56,89,1,"tells me what each scale means","",0.702811656197247,"(1) 18–29","(1) HS or less","(2) Female","(1) < $50,000","(1) White","(2) Southern"
"189","current_scale",5,"HIGH",100,100,100,5,100,100,100,NA,"","",1.00491440094002,"(1) 18–29","(2) Some college / 2-yr degree","(2) Female","(2) ≥ $50,000","(1) White","(3) Central"
"190","levels_scale",4,"LEVEL 4 OF 5",60,80,70,2,50,70,65,1,"Because of the possible of the storms ","",0.844739745831025,"(1) 18–29","(3) 4-yr / post-graduate degree","(2) Female","(2) ≥ $50,000","(3) Hispanic","(2) Southern"
"191","levels_scale",2,"LEVEL 2 OF 5",50,50,50,1,50,50,50,3,"","",0.868591442224299,"(1) 18–29","(1) HS or less","(2) Female","(1) < $50,000","(2) Black","(3) Central"
"192","current_scale",4,"MODERATE",0,0,0,5,0,0,0,NA,"","",0.696765439610176,"(1) 18–29","(1) HS or less","(2) Female","(1) < $50,000","(1) White","(1) Eastern"
"193","likert_scale",2,"LOW",50,99,100,2,0,0,0,2,"","Due to experience, it should be taken more serious as it has occurred before",0.696765439610176,"(1) 18–29","(1) HS or less","(2) Female","(1) < $50,000","(1) White","(1) Eastern"
"194","likert_scale",2,"LOW",60,4,90,1,16,100,12,2,"","100",2.39755517542279,"(1) 18–29","(1) HS or less","(2) Female","(2) ≥ $50,000","(2) Black","(1) Eastern"
"195","current_scale",3,"ENHANCED",100,100,100,5,80,80,80,NA,"","",0.988229380249616,"(1) 18–29","(2) Some college / 2-yr degree","(2) Female","(2) ≥ $50,000","(1) White","(2) Southern"
"196","likert_scale",1,"VERY LOW",30,25,10,2,0,0,0,3,"","",0.346041893065489,"(1) 18–29","(2) Some college / 2-yr degree","(2) Female","(1) < $50,000","(1) White","(1) Eastern"
"197","spanish_scale",2,"LOW",70,80,90,2,10,0,0,2,"","words r simpler ",2.02342444187548,"(1) 18–29","(1) HS or less","(2) Female","(2) ≥ $50,000","(1) White","(3) Central"
"198","current_scale",5,"HIGH",60,90,15,5,85,100,10,NA,"","",0.346041893065489,"(1) 18–29","(2) Some college / 2-yr degree","(2) Female","(1) < $50,000","(1) White","(1) Eastern"
"199","spanish_scale",4,"HIGH",100,100,100,5,100,100,100,2,"","shows if it’s low or high in easier terms ",0.840048709399928,"(1) 18–29","(1) HS or less","(2) Female","(1) < $50,000","(3) Hispanic","(4) Western"
"200","spanish_scale",2,"LOW",50,50,50,3,0,0,0,2,"","Wording is easier to understand ",0.44359785508013,"(1) 18–29","(2) Some college / 2-yr degree","(2) Female","(1) < $50,000","(3) Hispanic","(3) Central"
"201","likert_scale",5,"VERY HIGH",50,50,50,3,50,75,50,1,"I just understand it ","",1.23507933852249,"(1) 18–29","(2) Some college / 2-yr degree","(2) Female","(2) ≥ $50,000","(3) Hispanic","(2) Southern"
"202","likert_scale",1,"VERY LOW",10,0,95,1,5,0,100,1,"low-high makes more sense to me","",0.354937873003626,"(1) 18–29","(2) Some college / 2-yr degree","(2) Female","(1) < $50,000","(1) White","(3) Central"
"203","likert_scale",5,"VERY HIGH",80,90,100,5,100,100,100,1,"It’s what I’m used to and I understand it perfectly ","",0.988229380249616,"(1) 18–29","(2) Some college / 2-yr degree","(2) Female","(2) ≥ $50,000","(1) White","(2) Southern"
"204","spanish_scale",5,"EXTREME",50,50,50,5,100,50,80,2,"","",0.878367080345995,"(1) 18–29","(1) HS or less","(2) Female","(1) < $50,000","(3) Hispanic","(2) Southern"
"205","levels_scale",4,"LEVEL 4 OF 5",100,100,100,3,100,100,100,3,"","",0.696765439610176,"(1) 18–29","(1) HS or less","(2) Female","(1) < $50,000","(1) White","(1) Eastern"
"206","likert_scale",3,"MEDIUM",50,50,50,5,50,50,50,2,"","current scale",0.354937873003626,"(1) 18–29","(2) Some college / 2-yr degree","(2) Female","(1) < $50,000","(1) White","(3) Central"
"207","current_scale",2,"SLIGHT",20,40,10,1,10,20,10,NA,"","",0.846821513929312,"(1) 18–29","(1) HS or less","(2) Female","(1) < $50,000","(2) Black","(1) Eastern"
"208","likert_scale",1,"VERY LOW",80,90,65,1,80,75,88,1,"I’m going out for dinner tonight with the girls so if you’re interested you ","",0.851245985500946,"(2) 30–49","(3) 4-yr / post-graduate degree","(1) Male","(2) ≥ $50,000","(1) White","(1) Eastern"
"209","levels_scale",2,"LEVEL 2 OF 5",50,50,70,5,40,30,85,1,"Explains each definition","",2.3783797384689,"(1) 18–29","(1) HS or less","(2) Female","(2) ≥ $50,000","(3) Hispanic","(4) Western"
"210","current_scale",4,"MODERATE",75,90,80,5,85,100,90,NA,"","",0.979727744259363,"(1) 18–29","(2) Some college / 2-yr degree","(2) Female","(2) ≥ $50,000","(1) White","(1) Eastern"
"211","levels_scale",1,"LEVEL 1 OF 5",45,70,30,2,56,40,35,2,"","It it’s a help with an estímenos that can help in the near future ",2.48686825353889,"(1) 18–29","(1) HS or less","(2) Female","(2) ≥ $50,000","(3) Hispanic","(2) Southern"
"212","levels_scale",1,"LEVEL 1 OF 5",100,100,100,1,5,0,100,1,"","",0.349044688719138,"(1) 18–29","(2) Some college / 2-yr degree","(2) Female","(1) < $50,000","(1) White","(2) Southern"
"213","levels_scale",3,"LEVEL 3 OF 5",67,89,34,5,78,89,35,2,"","it gives me a numerical understanding of the levels because I would mix up the words and think one is worse than the other even if it isnt",1.24322483240504,"(1) 18–29","(2) Some college / 2-yr degree","(1) Male","(2) ≥ $50,000","(1) White","(1) Eastern"
"214","spanish_scale",2,"LOW",50,20,30,5,70,10,20,2,"","2",1.09003014015157,"(1) 18–29","(3) 4-yr / post-graduate degree","(1) Male","(2) ≥ $50,000","(3) Hispanic","(3) Central"
"215","spanish_scale",3,"MODERATE",20,24,25,5,100,45,90,1,"Dillon","",0.835338357451346,"(1) 18–29","(3) 4-yr / post-graduate degree","(2) Female","(2) ≥ $50,000","(2) Black","(3) Central"
"216","spanish_scale",3,"MODERATE",80,60,70,1,60,60,80,1,"More information ","",0.702811656197247,"(1) 18–29","(1) HS or less","(2) Female","(1) < $50,000","(1) White","(2) Southern"
"217","spanish_scale",3,"MODERATE",50,40,20,4,100,100,100,2,"","i understand the words more ",6.3158306688354,"(1) 18–29","(1) HS or less","(1) Male","(2) ≥ $50,000","(4) Other","(2) Southern"
"218","likert_scale",3,"MEDIUM",70,50,80,3,80,70,70,2,"","the words are basic and easy to understand",0.432479747040549,"(1) 18–29","(2) Some college / 2-yr degree","(2) Female","(1) < $50,000","(3) Hispanic","(1) Eastern"
"219","spanish_scale",4,"HIGH",3,5,7,4,2,7,9,1,"Cool ","",1.22445407766195,"(1) 18–29","(2) Some college / 2-yr degree","(2) Female","(2) ≥ $50,000","(3) Hispanic","(1) Eastern"
"220","current_scale",3,"ENHANCED",2,2,2,2,1,2,3,NA,"","",1.04240235765343,"(1) 18–29","(3) 4-yr / post-graduate degree","(1) Male","(2) ≥ $50,000","(2) Black","(2) Southern"
"221","levels_scale",2,"LEVEL 2 OF 5",70,70,70,5,70,70,70,1,"Easier to understand","",4.97721278807776,"(1) 18–29","(1) HS or less","(2) Female","(2) ≥ $50,000","(4) Other","(2) Southern"
"222","spanish_scale",2,"LOW",0,6,100,1,5,10,31,1,"Single","",0.840048709399928,"(1) 18–29","(1) HS or less","(2) Female","(1) < $50,000","(3) Hispanic","(4) Western"
"223","levels_scale",4,"LEVEL 4 OF 5",50,60,70,2,60,70,80,2,"","I just do ",0.891832357109227,"(1) 18–29","(1) HS or less","(1) Male","(1) < $50,000","(1) White","(2) Southern"
"224","levels_scale",4,"LEVEL 4 OF 5",5,5,5,NA,5,5,5,1,"","",1.55377014115256,"(1) 18–29","(2) Some college / 2-yr degree","(1) Male","(2) ≥ $50,000","(3) Hispanic","(1) Eastern"
"225","levels_scale",3,"LEVEL 3 OF 5",70,70,70,2,80,70,80,2,"","It seems we like to experience it",0.851245985500946,"(2) 30–49","(3) 4-yr / post-graduate degree","(1) Male","(2) ≥ $50,000","(1) White","(1) Eastern"
"226","spanish_scale",1,"MINIMAL",40,60,50,1,50,40,35,2,"","Yes",1.09122883928487,"(2) 30–49","(3) 4-yr / post-graduate degree","(1) Male","(2) ≥ $50,000","(3) Hispanic","(3) Central"
"227","current_scale",2,"SLIGHT",100,50,60,4,100,60,50,NA,"","",0.821175246599086,"(2) 30–49","(3) 4-yr / post-graduate degree","(1) Male","(2) ≥ $50,000","(1) White","(4) Western"
"228","levels_scale",2,"LEVEL 2 OF 5",50,50,50,1,50,50,50,3,"","",0.870810578452642,"(1) 18–29","(1) HS or less","(2) Female","(1) < $50,000","(3) Hispanic","(1) Eastern"
"229","levels_scale",4,"LEVEL 4 OF 5",100,50,50,1,50,50,50,1,"Yeah","",1.02629672892791,"(2) 30–49","(3) 4-yr / post-graduate degree","(1) Male","(2) ≥ $50,000","(3) Hispanic","(4) Western"
"230","levels_scale",3,"LEVEL 3 OF 5",30,50,70,5,49,60,59,1,"Very bad","",0.821175246599086,"(2) 30–49","(3) 4-yr / post-graduate degree","(1) Male","(2) ≥ $50,000","(1) White","(4) Western"
"231","likert_scale",3,"MEDIUM",70,90,100,4,70,80,100,2,"","Because it is more helpful definely absolutely more helpful",1.0731107033079,"(2) 30–49","(3) 4-yr / post-graduate degree","(1) Male","(2) ≥ $50,000","(3) Hispanic","(2) Southern"
"232","levels_scale",1,"LEVEL 1 OF 5",60,50,70,2,60,80,70,2,"","Very good and satisfied with great experience",1.02629672892791,"(2) 30–49","(3) 4-yr / post-graduate degree","(1) Male","(2) ≥ $50,000","(3) Hispanic","(4) Western"
"233","spanish_scale",5,"EXTREME",50,40,78,4,46,97,88,2,"","I don't know ",0.859946762095407,"(2) 30–49","(3) 4-yr / post-graduate degree","(2) Female","(2) ≥ $50,000","(3) Hispanic","(3) Central"
"234","current_scale",1,"MARGINAL ",100,50,56,5,50,60,40,NA,"","",1.0731107033079,"(2) 30–49","(3) 4-yr / post-graduate degree","(1) Male","(2) ≥ $50,000","(3) Hispanic","(2) Southern"
"235","spanish_scale",3,"MODERATE",50,60,80,1,100,100,20,2,"","more precise",0.432523650826182,"(4) 65+","(2) Some college / 2-yr degree","(2) Female","(1) < $50,000","(1) White","(4) Western"
"236","spanish_scale",1,"MINIMAL",0,0,70,1,10,0,80,2,"","The word enhanced is not clear enough for me.",1.2804368652774,"(4) 65+","(2) Some college / 2-yr degree","(2) Female","(2) ≥ $50,000","(1) White","(2) Southern"
"237","likert_scale",4,"HIGH",100,100,100,4,5,5,5,3,"","",0.573886107394608,"(4) 65+","(2) Some college / 2-yr degree","(1) Male","(1) < $50,000","(1) White","(2) Southern"
"238","current_scale",2,"SLIGHT",3,19,20,5,10,20,50,NA,"","",0.309321077334542,"(4) 65+","(3) 4-yr / post-graduate degree","(2) Female","(1) < $50,000","(1) White","(2) Southern"
"239","current_scale",1,"MARGINAL ",10,60,70,3,25,10,25,NA,"","",1.09721640179452,"(4) 65+","(1) HS or less","(2) Female","(1) < $50,000","(2) Black","(1) Eastern"
"240","levels_scale",4,"LEVEL 4 OF 5",100,100,100,4,100,100,100,1,"Easyuer to understand ","",0.868228198689766,"(4) 65+","(3) 4-yr / post-graduate degree","(2) Female","(2) ≥ $50,000","(1) White","(1) Eastern"
"241","spanish_scale",3,"MODERATE",40,30,40,3,50,30,100,2,"","it  better",1.17504619854726,"(4) 65+","(1) HS or less","(1) Male","(1) < $50,000","(1) White","(3) Central"
"242","likert_scale",3,"MEDIUM",50,60,60,2,50,60,60,2,"","It's pretty straight forward in a language that most people can understand.",0.902790559720795,"(4) 65+","(1) HS or less","(2) Female","(1) < $50,000","(1) White","(1) Eastern"
"243","likert_scale",2,"LOW",25,0,80,1,80,20,80,3,"","",0.568949024079294,"(4) 65+","(2) Some college / 2-yr degree","(1) Male","(1) < $50,000","(1) White","(1) Eastern"
"244","likert_scale",4,"HIGH",75,50,50,4,50,40,50,2,"","Seems to be more definitive",0.448362298942696,"(4) 65+","(2) Some college / 2-yr degree","(2) Female","(1) < $50,000","(1) White","(1) Eastern"
"245","levels_scale",2,"LEVEL 2 OF 5",50,80,80,3,80,100,80,1,"make a lot more since.","",0.452252984982464,"(4) 65+","(2) Some college / 2-yr degree","(2) Female","(1) < $50,000","(1) White","(2) Southern"
"246","levels_scale",5,"LEVEL 5 OF 5",80,50,60,1,10,10,10,1,"Very good to know ","",0.851245985500946,"(2) 30–49","(3) 4-yr / post-graduate degree","(1) Male","(2) ≥ $50,000","(1) White","(1) Eastern"
"247","current_scale",5,"HIGH",85,100,100,5,100,100,100,NA,"","",0.925999329723954,"(4) 65+","(1) HS or less","(2) Female","(1) < $50,000","(1) White","(3) Central"
"248","likert_scale",2,"LOW",25,25,50,1,20,10,70,2,"","The intensities of the storms are more easily understood with common terms such as low, very low, medium, high, and very high.",0.309321077334542,"(4) 65+","(3) 4-yr / post-graduate degree","(2) Female","(1) < $50,000","(1) White","(2) Southern"
"249","levels_scale",1,"LEVEL 1 OF 5",5,5,5,1,3,5,5,1,"More descriptive","",0.875762291854918,"(4) 65+","(3) 4-yr / post-graduate degree","(2) Female","(2) ≥ $50,000","(1) White","(2) Southern"
"250","levels_scale",1,"LEVEL 1 OF 5",15,5,90,2,20,10,90,2,"","current scale is more subjective to interpret",0.399139852176734,"(4) 65+","(3) 4-yr / post-graduate degree","(1) Male","(1) < $50,000","(1) White","(3) Central"
"251","likert_scale",3,"MEDIUM",80,80,60,1,90,100,100,2,"","I like the wording much more the wording in this case I feel gets to the point much more",1.10173756243007,"(4) 65+","(3) 4-yr / post-graduate degree","(1) Male","(2) ≥ $50,000","(1) White","(1) Eastern"
"252","levels_scale",1,"LEVEL 1 OF 5",15,50,100,1,30,75,100,1,"Won’t be able to remember what a Level 1 means. Current chart takes away the guesswork.","",1.26942139826676,"(4) 65+","(2) Some college / 2-yr degree","(2) Female","(2) ≥ $50,000","(1) White","(1) Eastern"
"253","levels_scale",5,"LEVEL 5 OF 5",100,100,100,4,0,0,0,2,"","IT SHOWS THE AREA",0.925999329723954,"(4) 65+","(1) HS or less","(2) Female","(1) < $50,000","(1) White","(3) Central"
"254","current_scale",2,"SLIGHT",100,100,100,2,5,5,5,NA,"","",0.573886107394608,"(4) 65+","(2) Some college / 2-yr degree","(1) Male","(1) < $50,000","(1) White","(2) Southern"
"255","levels_scale",2,"LEVEL 2 OF 5",75,50,100,4,50,25,75,1,"To me I think it just explains it better ","",0.54715970663942,"(3) 50–64","(2) Some college / 2-yr degree","(1) Male","(1) < $50,000","(1) White","(3) Central"
"256","current_scale",4,"MODERATE",50,50,75,2,75,75,100,NA,"","",1.2804368652774,"(4) 65+","(2) Some college / 2-yr degree","(2) Female","(2) ≥ $50,000","(1) White","(2) Southern"
"257","spanish_scale",5,"EXTREME",50,40,75,4,100,100,90,3,"","",0.910624569484381,"(4) 65+","(1) HS or less","(2) Female","(1) < $50,000","(1) White","(2) Southern"
"258","spanish_scale",1,"MINIMAL",20,30,70,1,15,30,90,1,"The scale seems more defined such as explaining marginal and minimal possibilities of severe thunderstorms.","",0.540563795444736,"(4) 65+","(2) Some college / 2-yr degree","(2) Female","(1) < $50,000","(3) Hispanic","(4) Western"
"259","levels_scale",3,"LEVEL 3 OF 5",30,50,40,5,40,40,20,1,"Its easier descriptive for me ","",0.851245985500946,"(2) 30–49","(3) 4-yr / post-graduate degree","(1) Male","(2) ≥ $50,000","(1) White","(1) Eastern"
"260","current_scale",3,"ENHANCED",67,53,77,1,58,70,78,NA,"","",0.851245985500946,"(2) 30–49","(3) 4-yr / post-graduate degree","(1) Male","(2) ≥ $50,000","(1) White","(1) Eastern"
"261","spanish_scale",2,"LOW",80,70,90,1,80,90,70,2,"","Nothing much to say ",0.858632714670656,"(2) 30–49","(3) 4-yr / post-graduate degree","(1) Male","(2) ≥ $50,000","(1) White","(2) Southern"
"262","spanish_scale",2,"LOW",80,75,40,1,80,75,40,3,"","",1.01437251492109,"(3) 50–64","(2) Some college / 2-yr degree","(2) Female","(1) < $50,000","(4) Other","(4) Western"
"263","levels_scale",4,"LEVEL 4 OF 5",20,40,20,5,50,40,70,2,"","3",2.48686825353889,"(1) 18–29","(1) HS or less","(2) Female","(2) ≥ $50,000","(3) Hispanic","(2) Southern"
"264","current_scale",3,"ENHANCED",80,75,95,5,50,30,99,NA,"","",0.448362298942696,"(4) 65+","(2) Some college / 2-yr degree","(2) Female","(1) < $50,000","(1) White","(1) Eastern"
"265","likert_scale",4,"HIGH",30,30,30,1,80,80,80,3,"","",0.459888712640981,"(4) 65+","(2) Some college / 2-yr degree","(2) Female","(1) < $50,000","(1) White","(3) Central"
"266","current_scale",3,"ENHANCED",40,40,50,4,40,40,50,NA,"","",0.459888712640981,"(4) 65+","(2) Some college / 2-yr degree","(2) Female","(1) < $50,000","(1) White","(3) Central"
"267","spanish_scale",3,"MODERATE",5,5,5,5,50,50,50,2,"","Safety",0.452252984982464,"(4) 65+","(2) Some college / 2-yr degree","(2) Female","(1) < $50,000","(1) White","(2) Southern"
"268","levels_scale",2,"LEVEL 2 OF 5",25,10,10,2,10,10,10,3,"","",0.452252984982464,"(4) 65+","(2) Some college / 2-yr degree","(2) Female","(1) < $50,000","(1) White","(2) Southern"
"269","current_scale",3,"ENHANCED",20,15,25,4,25,20,20,NA,"","",0.314543577979082,"(4) 65+","(3) 4-yr / post-graduate degree","(2) Female","(1) < $50,000","(1) White","(3) Central"
"270","current_scale",3,"ENHANCED",60,70,40,4,60,50,30,NA,"","",0.821175246599086,"(2) 30–49","(3) 4-yr / post-graduate degree","(1) Male","(2) ≥ $50,000","(1) White","(4) Western"
"271","spanish_scale",2,"LOW",20,29,20,1,25,25,25,2,"","Understand it better ",0.533445977721088,"(3) 50–64","(2) Some college / 2-yr degree","(1) Male","(1) < $50,000","(1) White","(1) Eastern"
"272","levels_scale",1,"LEVEL 1 OF 5",1,10,95,1,1,10,95,1,"I'm often a numbers guy, but they don't necessarily work as well, here. They might not be numerically exact or proportional, or even descriptive at all. Level 5 sounds dangerous, but does that mean I'm 100% a target, or 40%? The verbal descriptions communicate better, here.","",1.51031373631401,"(3) 50–64","(2) Some college / 2-yr degree","(1) Male","(2) ≥ $50,000","(1) White","(1) Eastern"
"273","spanish_scale",2,"LOW",10,5,95,2,10,5,95,1,"The word current","",0.568949024079294,"(4) 65+","(2) Some college / 2-yr degree","(1) Male","(1) < $50,000","(1) White","(1) Eastern"
"274","current_scale",1,"MARGINAL ",50,10,70,2,20,20,80,NA,"","",0.925999329723954,"(4) 65+","(1) HS or less","(2) Female","(1) < $50,000","(1) White","(3) Central"
"275","likert_scale",3,"MEDIUM",50,75,100,3,25,15,75,2,"","Makes more sense to me, better understanding",0.925999329723954,"(4) 65+","(1) HS or less","(2) Female","(1) < $50,000","(1) White","(3) Central"
"276","levels_scale",2,"LEVEL 2 OF 5",40,40,40,2,40,40,40,1,"Easier for me to understand the risk","",0.868228198689766,"(4) 65+","(3) 4-yr / post-graduate degree","(2) Female","(2) ≥ $50,000","(1) White","(1) Eastern"
"277","likert_scale",1,"VERY LOW",0,60,90,5,1,1,0,2,"","Clearer understandable and better description ",1.14559544616572,"(4) 65+","(1) HS or less","(1) Male","(1) < $50,000","(1) White","(1) Eastern"
"278","levels_scale",1,"LEVEL 1 OF 5",75,100,75,3,25,35,75,1,"no to bad i think","",1.17504619854726,"(4) 65+","(1) HS or less","(1) Male","(1) < $50,000","(1) White","(3) Central"
"279","spanish_scale",2,"LOW",40,40,30,2,60,50,40,2,"","North is a big guy at the beach ???? we will have a good night at dinner tomorrow night ",0.851245985500946,"(2) 30–49","(3) 4-yr / post-graduate degree","(1) Male","(2) ≥ $50,000","(1) White","(1) Eastern"
"280","likert_scale",5,"VERY HIGH",80,80,80,5,100,100,100,3,"","",0.498841052954613,"(4) 65+","(3) 4-yr / post-graduate degree","(1) Male","(1) < $50,000","(3) Hispanic","(3) Central"
"281","spanish_scale",1,"MINIMAL",0,0,0,1,10,0,5,2,"","I think the wording is better and clearer but I think I need to get used to these new wording as well",1.67795895168694,"(2) 30–49","(3) 4-yr / post-graduate degree","(2) Female","(2) ≥ $50,000","(4) Other","(1) Eastern"
"282","current_scale",2,"SLIGHT",65,40,75,3,67,70,78,NA,"","",0.873129657279388,"(2) 30–49","(3) 4-yr / post-graduate degree","(1) Male","(2) ≥ $50,000","(1) White","(3) Central"
"283","likert_scale",1,"VERY LOW",0,0,0,1,0,0,0,3,"","",0.39251276365486,"(4) 65+","(3) 4-yr / post-graduate degree","(1) Male","(1) < $50,000","(1) White","(2) Southern"
"284","likert_scale",3,"MEDIUM",75,100,100,5,75,75,75,1,"For me I feel I understand the current scale much more than the experimental scale","",0.560358781740217,"(4) 65+","(2) Some college / 2-yr degree","(2) Female","(1) < $50,000","(3) Hispanic","(1) Eastern"
"285","likert_scale",5,"VERY HIGH",30,10,10,5,80,90,90,2,"","The experimental scale has words that are a little easier to understand. Enhanced isn't exactly as clear as medium, in my opinion.",1.65224234162264,"(4) 65+","(2) Some college / 2-yr degree","(1) Male","(2) ≥ $50,000","(1) White","(3) Central"
"286","current_scale",5,"HIGH",50,50,50,2,50,50,50,NA,"","",1.03767590805898,"(3) 50–64","(1) HS or less","(2) Female","(1) < $50,000","(2) Black","(2) Southern"
"287","spanish_scale",3,"MODERATE",40,5,100,3,45,75,100,2,"","That’s just the way I feel ",1.10622964872095,"(2) 30–49","(1) HS or less","(1) Male","(1) < $50,000","(3) Hispanic","(1) Eastern"
"288","current_scale",3,"ENHANCED",90,5,5,2,2,5,1,NA,"","",0.568949024079294,"(4) 65+","(2) Some college / 2-yr degree","(1) Male","(1) < $50,000","(1) White","(1) Eastern"
"289","levels_scale",5,"LEVEL 5 OF 5",75,60,65,1,55,70,65,2,"","It gives more in-depth ",0.821175246599086,"(2) 30–49","(3) 4-yr / post-graduate degree","(1) Male","(2) ≥ $50,000","(1) White","(4) Western"
"290","levels_scale",4,"LEVEL 4 OF 5",80,80,90,3,80,80,90,1,"The words are more important ","",0.386586433494733,"(4) 65+","(3) 4-yr / post-graduate degree","(2) Female","(1) < $50,000","(3) Hispanic","(2) Southern"
"291","spanish_scale",2,"LOW",20,20,55,2,15,10,70,2,"","I think the average person would understand the wording better.",0.902790559720795,"(4) 65+","(1) HS or less","(2) Female","(1) < $50,000","(1) White","(1) Eastern"
"292","likert_scale",1,"VERY LOW",20,25,75,2,10,5,65,2,"","the current scale is not the one used by any services  I have ever seen, only the experimental one",0.573886107394608,"(4) 65+","(2) Some college / 2-yr degree","(1) Male","(1) < $50,000","(1) White","(2) Southern"
"293","spanish_scale",1,"MINIMAL",35,30,35,2,30,35,35,1,"It’s quite amazing and awesome ","",0.821175246599086,"(2) 30–49","(3) 4-yr / post-graduate degree","(1) Male","(2) ≥ $50,000","(1) White","(4) Western"
"294","current_scale",1,"MARGINAL ",90,90,90,4,90,90,90,NA,"","",0.851245985500946,"(2) 30–49","(3) 4-yr / post-graduate degree","(1) Male","(2) ≥ $50,000","(1) White","(1) Eastern"
"295","likert_scale",3,"MEDIUM",60,55,75,4,60,55,75,2,"","Marginal and slight are too close to the same thing. ",1.05954378325614,"(3) 50–64","(3) 4-yr / post-graduate degree","(1) Male","(2) ≥ $50,000","(1) White","(3) Central"
"296","spanish_scale",4,"HIGH",80,50,75,5,80,50,75,2,"","The words on the experimental scale seem more informative.",1.37694074576876,"(4) 65+","(3) 4-yr / post-graduate degree","(1) Male","(2) ≥ $50,000","(3) Hispanic","(1) Eastern"
"297","levels_scale",4,"LEVEL 4 OF 5",100,100,100,5,100,100,100,1,"It uses number and colors to indicate the risk level","",0.851245985500946,"(2) 30–49","(3) 4-yr / post-graduate degree","(1) Male","(2) ≥ $50,000","(1) White","(1) Eastern"
"298","levels_scale",2,"LEVEL 2 OF 5",30,50,100,2,30,50,100,1,"It defines the percentage of risk","",0.568949024079294,"(4) 65+","(2) Some college / 2-yr degree","(1) Male","(1) < $50,000","(1) White","(1) Eastern"
"299","current_scale",1,"MARGINAL ",40,70,40,1,30,90,40,NA,"","",0.821175246599086,"(2) 30–49","(3) 4-yr / post-graduate degree","(1) Male","(2) ≥ $50,000","(1) White","(4) Western"
"300","current_scale",5,"HIGH",50,50,50,4,75,75,75,NA,"","",1.14559544616572,"(4) 65+","(1) HS or less","(1) Male","(1) < $50,000","(1) White","(1) Eastern"
"301","likert_scale",1,"VERY LOW",10,10,10,2,5,5,5,2,"","more specific ",0.459888712640981,"(4) 65+","(2) Some college / 2-yr degree","(2) Female","(1) < $50,000","(1) White","(3) Central"
"302","levels_scale",2,"LEVEL 2 OF 5",40,50,70,3,60,70,75,1,"Words convey more meaning & sense of urgency over numbers","",0.875762291854918,"(4) 65+","(3) 4-yr / post-graduate degree","(2) Female","(2) ≥ $50,000","(1) White","(2) Southern"
"303","levels_scale",3,"LEVEL 3 OF 5",95,100,95,1,90,100,95,1,"To me, numbers do not mean much.  I want the words that state risks.  Those I understand.","",0.295827083709379,"(4) 65+","(3) 4-yr / post-graduate degree","(2) Female","(1) < $50,000","(1) White","(4) Western"
"304","likert_scale",1,"VERY LOW",80,75,65,2,45,45,44,2,"","IT HAS A BETTER EXPLANATION OF WHAT TO EXCEPT",1.14559544616572,"(4) 65+","(1) HS or less","(1) Male","(1) < $50,000","(1) White","(1) Eastern"
"305","likert_scale",1,"VERY LOW",20,20,50,3,25,10,60,1,"I am used to seeing it on forecasts","",0.938972183685645,"(4) 65+","(3) 4-yr / post-graduate degree","(1) Male","(1) < $50,000","(4) Other","(4) Western"
"306","likert_scale",1,"VERY LOW",0,0,0,1,0,0,100,2,"","i t explains  definition from very low to very high",0.375936761652863,"(4) 65+","(3) 4-yr / post-graduate degree","(2) Female","(1) < $50,000","(2) Black","(2) Southern"
"307","current_scale",5,"HIGH",100,100,100,4,100,100,100,NA,"","",3.27660805790975,"(4) 65+","(1) HS or less","(2) Female","(2) ≥ $50,000","(3) Hispanic","(3) Central"
"308","current_scale",3,"ENHANCED",90,80,100,1,10,10,70,NA,"","",0.902790559720795,"(4) 65+","(1) HS or less","(2) Female","(1) < $50,000","(1) White","(1) Eastern"
"309","spanish_scale",1,"MINIMAL",40,40,20,3,30,40,30,1,"","",0.821175246599086,"(2) 30–49","(3) 4-yr / post-graduate degree","(1) Male","(2) ≥ $50,000","(1) White","(4) Western"
"310","likert_scale",1,"VERY LOW",5,15,35,3,15,20,25,1,"It might be more real time","",1.1112979446561,"(4) 65+","(3) 4-yr / post-graduate degree","(1) Male","(2) ≥ $50,000","(1) White","(2) Southern"
"311","likert_scale",1,"VERY LOW",10,0,90,2,10,10,90,2,"","easy to understand scale words",0.30666001983497,"(4) 65+","(3) 4-yr / post-graduate degree","(2) Female","(1) < $50,000","(1) White","(1) Eastern"
"312","levels_scale",5,"LEVEL 5 OF 5",100,100,100,1,100,100,100,2,"","Because it tells people exactly what they need to know about the weather",0.851245985500946,"(2) 30–49","(3) 4-yr / post-graduate degree","(1) Male","(2) ≥ $50,000","(1) White","(1) Eastern"
"313","likert_scale",2,"LOW",10,10,80,2,10,10,75,2,"","It is so easy that even a 5th grader will understand ",0.851245985500946,"(2) 30–49","(3) 4-yr / post-graduate degree","(1) Male","(2) ≥ $50,000","(1) White","(1) Eastern"
"314","current_scale",5,"HIGH",30,40,30,5,65,55,75,NA,"","",0.851245985500946,"(2) 30–49","(3) 4-yr / post-graduate degree","(1) Male","(2) ≥ $50,000","(1) White","(1) Eastern"
"315","spanish_scale",5,"EXTREME",60,60,60,3,90,75,90,1," Gives chance  and degree","",0.568949024079294,"(4) 65+","(2) Some college / 2-yr degree","(1) Male","(1) < $50,000","(1) White","(1) Eastern"
"316","likert_scale",4,"HIGH",40,40,20,5,30,40,20,2,"","It’s nice for the sun",0.858632714670656,"(2) 30–49","(3) 4-yr / post-graduate degree","(1) Male","(2) ≥ $50,000","(1) White","(2) Southern"
"317","likert_scale",4,"HIGH",50,60,60,3,50,50,50,2,"","Like the words better",2.55601699198458,"(4) 65+","(1) HS or less","(2) Female","(2) ≥ $50,000","(1) White","(1) Eastern"
"318","current_scale",1,"MARGINAL ",50,60,85,1,30,20,55,NA,"","",1.22445407766195,"(1) 18–29","(2) Some college / 2-yr degree","(2) Female","(2) ≥ $50,000","(3) Hispanic","(1) Eastern"
"319","levels_scale",1,"LEVEL 1 OF 5",10,5,95,2,50,75,55,2,"","Understanding current scale give yo the definition of experimental predictions",0.375389569929444,"(4) 65+","(3) 4-yr / post-graduate degree","(1) Male","(1) < $50,000","(1) White","(4) Western"
"320","current_scale",1,"MARGINAL ",60,70,100,2,20,25,100,NA,"","",1.26942139826676,"(4) 65+","(2) Some college / 2-yr degree","(2) Female","(2) ≥ $50,000","(1) White","(1) Eastern"
"321","likert_scale",4,"HIGH",50,50,50,5,40,40,40,2,"","The experimental scale seems somewhat more detailed than the other one. Something about this one seems more accurate than the other. I feel a lot more comfortable with this one.",1.03457113856201,"(2) 30–49","(3) 4-yr / post-graduate degree","(1) Male","(2) ≥ $50,000","(2) Black","(1) Eastern"
"322","current_scale",5,"HIGH",80,80,80,5,90,90,95,NA,"","",1.00601949884243,"(2) 30–49","(2) Some college / 2-yr degree","(2) Female","(2) ≥ $50,000","(1) White","(3) Central"
"323","current_scale",5,"HIGH",60,90,50,3,70,100,70,NA,"","",0.850310904069533,"(1) 18–29","(3) 4-yr / post-graduate degree","(1) Male","(2) ≥ $50,000","(1) White","(1) Eastern"
"324","spanish_scale",1,"MINIMAL",15,15,60,1,10,10,70,1,"More definitive ","",0.309321077334542,"(4) 65+","(3) 4-yr / post-graduate degree","(2) Female","(1) < $50,000","(1) White","(2) Southern"
"325","spanish_scale",1,"MINIMAL",10,10,30,2,5,3,80,2,"","specific words",1.05151797342309,"(3) 50–64","(2) Some college / 2-yr degree","(2) Female","(1) < $50,000","(4) Other","(1) Eastern"
"326","spanish_scale",2,"LOW",0,0,90,1,10,0,90,2,"","Enhanced does not give me any clue that storms are numerous. Exp scale has more of an impact on me. That is, high would make me take notice right away.  Moderate does not. ",0.890548446012557,"(4) 65+","(3) 4-yr / post-graduate degree","(2) Female","(2) ≥ $50,000","(1) White","(3) Central"
"327","likert_scale",4,"HIGH",95,100,75,5,100,100,80,2,"","Words such as Low, Medium and High are familiar to most people and have about the same meaning.  Words like Marginal, Slight and Enhanced can mean different interpretations to different people.",1.17504619854726,"(4) 65+","(1) HS or less","(1) Male","(1) < $50,000","(1) White","(3) Central"
"328","likert_scale",1,"VERY LOW",100,100,100,1,10,10,10,2,"","Some people don't know the differances ",0.583575458639557,"(4) 65+","(2) Some college / 2-yr degree","(1) Male","(1) < $50,000","(1) White","(3) Central"
"329","levels_scale",5,"LEVEL 5 OF 5",75,100,100,3,100,100,100,1,"it gives us more information","",2.62172659633566,"(4) 65+","(1) HS or less","(2) Female","(2) ≥ $50,000","(1) White","(3) Central"
"330","spanish_scale",5,"EXTREME",30,40,80,3,85,95,80,2,"","To me this scale is easier to understand when it comes to severe weather.",2.55601699198458,"(4) 65+","(1) HS or less","(2) Female","(2) ≥ $50,000","(1) White","(1) Eastern"
"331","current_scale",2,"SLIGHT",80,80,80,1,20,30,30,NA,"","",3.27160121496295,"(4) 65+","(1) HS or less","(1) Male","(2) ≥ $50,000","(1) White","(2) Southern"
"332","spanish_scale",4,"HIGH",100,100,100,5,80,100,90,2,"","The terms use are very clear to me.",0.525672359707997,"(4) 65+","(2) Some college / 2-yr degree","(2) Female","(1) < $50,000","(2) Black","(4) Western"
"333","spanish_scale",5,"EXTREME",4,6,6,5,60,60,80,3,"","",0.902790559720795,"(4) 65+","(1) HS or less","(2) Female","(1) < $50,000","(1) White","(1) Eastern"
"334","current_scale",3,"ENHANCED",80,80,80,5,80,80,80,NA,"","",0.417660953452964,"(2) 30–49","(2) Some college / 2-yr degree","(2) Female","(1) < $50,000","(3) Hispanic","(4) Western"
"335","spanish_scale",5,"EXTREME",35,30,65,5,88,85,85,1,"Clear data and information conveyed by the chart","",1.08510304465292,"(4) 65+","(3) 4-yr / post-graduate degree","(2) Female","(2) ≥ $50,000","(3) Hispanic","(1) Eastern"
"336","current_scale",5,"HIGH",90,20,50,3,100,75,50,NA,"","",0.925999329723954,"(4) 65+","(1) HS or less","(2) Female","(1) < $50,000","(1) White","(3) Central"
"337","levels_scale",2,"LEVEL 2 OF 5",25,50,50,2,25,20,75,1,"It tells you more than a number, gives you a better idea of what is or might happen","",0.432523650826182,"(4) 65+","(2) Some college / 2-yr degree","(2) Female","(1) < $50,000","(1) White","(4) Western"
"338","current_scale",2,"SLIGHT",25,25,50,2,25,25,50,NA,"","",1.0628180689552,"(4) 65+","(3) 4-yr / post-graduate degree","(1) Male","(2) ≥ $50,000","(1) White","(4) Western"
"339","likert_scale",2,"LOW",80,70,65,3,30,50,60,2,"","Because is easy to understand ",0.858632714670656,"(2) 30–49","(3) 4-yr / post-graduate degree","(1) Male","(2) ≥ $50,000","(1) White","(2) Southern"
"340","levels_scale",1,"LEVEL 1 OF 5",50,90,85,5,25,55,60,1,"Current scale gives you more detail","",1.10673755142537,"(4) 65+","(1) HS or less","(2) Female","(1) < $50,000","(2) Black","(2) Southern"
"341","current_scale",4,"MODERATE",50,60,60,1,70,60,60,NA,"","",0.670827421916364,"(2) 30–49","(3) 4-yr / post-graduate degree","(2) Female","(2) ≥ $50,000","(1) White","(1) Eastern"
"342","current_scale",4,"MODERATE",80,65,60,2,70,80,75,NA,"","",0.851245985500946,"(2) 30–49","(3) 4-yr / post-graduate degree","(1) Male","(2) ≥ $50,000","(1) White","(1) Eastern"
"343","likert_scale",5,"VERY HIGH",50,100,100,3,90,100,50,3,"","",0.573886107394608,"(4) 65+","(2) Some college / 2-yr degree","(1) Male","(1) < $50,000","(1) White","(2) Southern"
"344","likert_scale",2,"LOW",45,30,90,1,45,65,90,2,"","We believe that the experimental scale is a little better understood explanation than the current scale. ",0.399139852176734,"(4) 65+","(3) 4-yr / post-graduate degree","(1) Male","(1) < $50,000","(1) White","(3) Central"
"345","current_scale",4,"MODERATE",20,20,80,2,30,20,80,NA,"","",1.30205544494817,"(4) 65+","(2) Some college / 2-yr degree","(2) Female","(2) ≥ $50,000","(1) White","(3) Central"
"346","levels_scale",4,"LEVEL 4 OF 5",100,100,100,2,80,100,76,1,"Evacuation orders and emergency response teams ","",0.821175246599086,"(2) 30–49","(3) 4-yr / post-graduate degree","(1) Male","(2) ≥ $50,000","(1) White","(4) Western"
"347","current_scale",2,"SLIGHT",9,6,5,5,8,6,8,NA,"","",1.0731107033079,"(2) 30–49","(3) 4-yr / post-graduate degree","(1) Male","(2) ≥ $50,000","(3) Hispanic","(2) Southern"
"348","current_scale",2,"SLIGHT",50,60,60,3,50,60,60,NA,"","",0.670827421916364,"(2) 30–49","(3) 4-yr / post-graduate degree","(2) Female","(2) ≥ $50,000","(1) White","(1) Eastern"
"349","likert_scale",4,"HIGH",88,98,89,4,89,87,89,2,"","I just got a phone charger for my ",0.808776781934255,"(2) 30–49","(3) 4-yr / post-graduate degree","(2) Female","(2) ≥ $50,000","(3) Hispanic","(4) Western"
"350","spanish_scale",3,"MODERATE",8,9,9,1,8,8,8,2,"","it gives you a better look at what might happen",0.54715970663942,"(3) 50–64","(2) Some college / 2-yr degree","(1) Male","(1) < $50,000","(1) White","(3) Central"
"351","spanish_scale",1,"MINIMAL",25,10,50,1,25,10,50,2,"","Marginal & enhanced sound more like descriptive ajectives than levels of storm intensity",0.432523650826182,"(4) 65+","(2) Some college / 2-yr degree","(2) Female","(1) < $50,000","(1) White","(4) Western"
"352","likert_scale",2,"LOW",10,0,90,2,10,0,100,2,"","The words are more common, every day words",0.868228198689766,"(4) 65+","(3) 4-yr / post-graduate degree","(2) Female","(2) ≥ $50,000","(1) White","(1) Eastern"
"353","current_scale",5,"HIGH",50,70,90,NA,90,100,100,NA,"","",1.60027737303982,"(4) 65+","(2) Some college / 2-yr degree","(2) Female","(2) ≥ $50,000","(3) Hispanic","(2) Southern"
"354","spanish_scale",5,"EXTREME",100,100,100,4,100,100,100,3,"","",0.375389569929444,"(4) 65+","(3) 4-yr / post-graduate degree","(1) Male","(1) < $50,000","(1) White","(4) Western"
"355","spanish_scale",3,"MODERATE",50,50,80,5,50,50,80,1,"makes more sense","",0.902790559720795,"(4) 65+","(1) HS or less","(2) Female","(1) < $50,000","(1) White","(1) Eastern"
"356","current_scale",4,"MODERATE",50,60,70,4,90,90,100,NA,"","",0.691478432381761,"(4) 65+","(2) Some college / 2-yr degree","(1) Male","(1) < $50,000","(2) Black","(1) Eastern"
"357","levels_scale",1,"LEVEL 1 OF 5",4,5,3,2,2,5,3,1,"1 of 5","",2.3783797384689,"(1) 18–29","(1) HS or less","(2) Female","(2) ≥ $50,000","(3) Hispanic","(4) Western"
"358","levels_scale",1,"LEVEL 1 OF 5",75,80,90,5,10,20,30,1,"Marginal","",0.858632714670656,"(2) 30–49","(3) 4-yr / post-graduate degree","(1) Male","(2) ≥ $50,000","(1) White","(2) Southern"
"359","current_scale",5,"HIGH",90,80,95,1,80,70,80,NA,"","",0.83839349960829,"(2) 30–49","(3) 4-yr / post-graduate degree","(2) Female","(2) ≥ $50,000","(3) Hispanic","(1) Eastern"
"360","levels_scale",2,"LEVEL 2 OF 5",10,10,50,1,50,50,75,1,"you know more of what to expect","",0.448362298942696,"(4) 65+","(2) Some college / 2-yr degree","(2) Female","(1) < $50,000","(1) White","(1) Eastern"
"361","current_scale",1,"MARGINAL ",40,40,20,5,30,40,30,NA,"","",0.821175246599086,"(2) 30–49","(3) 4-yr / post-graduate degree","(1) Male","(2) ≥ $50,000","(1) White","(4) Western"
"362","current_scale",2,"SLIGHT",50,75,95,5,55,60,77,NA,"","",1.10173756243007,"(4) 65+","(3) 4-yr / post-graduate degree","(1) Male","(2) ≥ $50,000","(1) White","(1) Eastern"
"363","spanish_scale",2,"LOW",20,10,90,2,10,10,80,2,"","better defined",0.54885058268519,"(4) 65+","(2) Some college / 2-yr degree","(1) Male","(1) < $50,000","(1) White","(4) Western"
"364","current_scale",1,"MARGINAL ",40,50,60,4,50,40,60,NA,"","",0.851245985500946,"(2) 30–49","(3) 4-yr / post-graduate degree","(1) Male","(2) ≥ $50,000","(1) White","(1) Eastern"
"365","likert_scale",4,"HIGH",70,10,50,5,80,20,50,2,"","more descriptive",1.17504619854726,"(4) 65+","(1) HS or less","(1) Male","(1) < $50,000","(1) White","(3) Central"
"366","levels_scale",3,"LEVEL 3 OF 5",50,30,70,3,50,50,80,3,"","",0.39251276365486,"(4) 65+","(3) 4-yr / post-graduate degree","(1) Male","(1) < $50,000","(1) White","(2) Southern"
"367","likert_scale",4,"HIGH",80,75,80,5,80,75,80,2,"","It makes the depth of the issue seem more important as you go to different degrees.",1.62480946014562,"(4) 65+","(2) Some college / 2-yr degree","(1) Male","(2) ≥ $50,000","(1) White","(2) Southern"
"368","spanish_scale",5,"EXTREME",80,75,85,5,100,98,65,1,"In my opinion, the word ""Marginal"" is a Lot Different than the word ""Minimal"". I take storms seriously, and although I am never sure exactly What to do when I hear of an impending storm, I try to take sensible action to protect myself.","",0.309321077334542,"(4) 65+","(3) 4-yr / post-graduate degree","(2) Female","(1) < $50,000","(1) White","(2) Southern"
"369","current_scale",4,"MODERATE",78,98,88,3,76,88,80,NA,"","",0.821175246599086,"(2) 30–49","(3) 4-yr / post-graduate degree","(1) Male","(2) ≥ $50,000","(1) White","(4) Western"
"370","levels_scale",4,"LEVEL 4 OF 5",75,100,100,5,75,100,100,1,"It gives you levels as opposed slight, enhanced, etc","",0.30666001983497,"(4) 65+","(3) 4-yr / post-graduate degree","(2) Female","(1) < $50,000","(1) White","(1) Eastern"
"371","spanish_scale",1,"MINIMAL",5,5,10,2,5,5,5,2,"","the words mean more to me like moderate vs. enhanced",1.26942139826676,"(4) 65+","(2) Some college / 2-yr degree","(2) Female","(2) ≥ $50,000","(1) White","(1) Eastern"
"372","levels_scale",4,"LEVEL 4 OF 5",89,99,60,3,90,99,75,2,"","better understanding",2.62172659633566,"(4) 65+","(1) HS or less","(2) Female","(2) ≥ $50,000","(1) White","(3) Central"
"373","spanish_scale",4,"HIGH",60,20,20,4,80,20,20,NA,"","",0.448362298942696,"(4) 65+","(2) Some college / 2-yr degree","(2) Female","(1) < $50,000","(1) White","(1) Eastern"
"374","levels_scale",3,"LEVEL 3 OF 5",75,75,100,3,75,75,100,1,"its more specific","",1.61083139102548,"(4) 65+","(2) Some college / 2-yr degree","(1) Male","(2) ≥ $50,000","(1) White","(1) Eastern"
"375","spanish_scale",3,"MODERATE",30,80,50,1,50,50,50,2,"","More clear language",0.424063652799602,"(2) 30–49","(2) Some college / 2-yr degree","(1) Male","(1) < $50,000","(1) White","(4) Western"
"376","levels_scale",1,"LEVEL 1 OF 5",50,50,50,2,50,50,50,2,"","As it is in increasing order it clearly means higher the number, higher the risk",1.69251952353705,"(2) 30–49","(3) 4-yr / post-graduate degree","(2) Female","(2) ≥ $50,000","(4) Other","(2) Southern"
"377","levels_scale",1,"LEVEL 1 OF 5",100,100,100,1,25,50,75,1,"Better understand.","",0.549650622218243,"(4) 65+","(2) Some college / 2-yr degree","(2) Female","(1) < $50,000","(2) Black","(2) Southern"
"378","levels_scale",1,"LEVEL 1 OF 5",0,0,0,1,0,0,0,3,"","",0.386586433494733,"(4) 65+","(3) 4-yr / post-graduate degree","(2) Female","(1) < $50,000","(3) Hispanic","(2) Southern"
"379","current_scale",4,"MODERATE",0,0,100,1,90,100,90,NA,"","",1.45696106176616,"(3) 50–64","(2) Some college / 2-yr degree","(1) Male","(2) ≥ $50,000","(1) White","(4) Western"
"380","levels_scale",2,"LEVEL 2 OF 5",95,95,95,3,80,80,80,2,"","more definitive",1.0628180689552,"(4) 65+","(3) 4-yr / post-graduate degree","(1) Male","(2) ≥ $50,000","(1) White","(4) Western"
"381","likert_scale",4,"HIGH",80,85,80,5,90,90,95,1,"Can't explain I just like the current scale","",1.65224234162264,"(4) 65+","(2) Some college / 2-yr degree","(1) Male","(2) ≥ $50,000","(1) White","(3) Central"
"382","current_scale",3,"ENHANCED",70,80,80,5,70,80,70,NA,"","",6.39343511049727,"(4) 65+","(1) HS or less","(2) Female","(2) ≥ $50,000","(4) Other","(1) Eastern"
"383","likert_scale",3,"MEDIUM",100,100,99,5,60,70,60,2,"","it is more detailed and understandable",1.06387884200212,"(2) 30–49","(3) 4-yr / post-graduate degree","(1) Male","(2) ≥ $50,000","(3) Hispanic","(1) Eastern"
"384","spanish_scale",2,"LOW",0,0,100,2,0,0,50,2,"","It's common tongue",0.368582749810865,"(3) 50–64","(3) 4-yr / post-graduate degree","(2) Female","(1) < $50,000","(3) Hispanic","(3) Central"
"385","likert_scale",2,"LOW",100,100,100,5,100,100,100,2,"","It has more of a scale and not words that some might not understand ",2.46547398104523,"(1) 18–29","(1) HS or less","(2) Female","(2) ≥ $50,000","(3) Hispanic","(1) Eastern"
"386","likert_scale",4,"HIGH",15,10,10,5,100,100,100,3,"","",1.97472998611553,"(4) 65+","(2) Some college / 2-yr degree","(1) Male","(2) ≥ $50,000","(2) Black","(2) Southern"
"387","likert_scale",5,"VERY HIGH",50,0,50,3,50,0,50,3,"","",0.821175246599086,"(2) 30–49","(3) 4-yr / post-graduate degree","(1) Male","(2) ≥ $50,000","(1) White","(4) Western"
"388","levels_scale",1,"LEVEL 1 OF 5",40,50,60,2,30,10,40,2,"","Pinpoints the actual  chance",0.925999329723954,"(4) 65+","(1) HS or less","(2) Female","(1) < $50,000","(1) White","(3) Central"
"389","current_scale",2,"SLIGHT",100,10,30,2,30,30,30,NA,"","",3.04572163582333,"(2) 30–49","(1) HS or less","(1) Male","(2) ≥ $50,000","(2) Black","(1) Eastern"
"390","likert_scale",2,"LOW",50,39,50,1,45,45,59,1,"it seems im use to these terms and others are  vague","",0.568949024079294,"(4) 65+","(2) Some college / 2-yr degree","(1) Male","(1) < $50,000","(1) White","(1) Eastern"
"391","likert_scale",5,"VERY HIGH",88,87,87,1,88,76,58,1,"easy to see where the weather is","",0.303270874764507,"(2) 30–49","(3) 4-yr / post-graduate degree","(1) Male","(1) < $50,000","(1) White","(2) Southern"
"392","spanish_scale",1,"MINIMAL",53,67,46,2,45,56,56,3,"","",6.39343511049727,"(4) 65+","(1) HS or less","(2) Female","(2) ≥ $50,000","(4) Other","(1) Eastern"
"393","levels_scale",2,"LEVEL 2 OF 5",25,10,20,2,30,20,30,1,"The description wording is more helpful to me to understand the intensity of what is coming to my area. ","",2.49256528619961,"(3) 50–64","(3) 4-yr / post-graduate degree","(1) Male","(2) ≥ $50,000","(4) Other","(4) Western"
"394","levels_scale",2,"LEVEL 2 OF 5",75,75,75,1,75,100,45,2,"","tells  and explains better",0.907887135195135,"(2) 30–49","(1) HS or less","(1) Male","(1) < $50,000","(1) White","(3) Central"
"395","likert_scale",1,"VERY LOW",10,10,100,1,20,15,100,2,"","The words used in the experimental scale are easier to understand than the current scale.",0.448362298942696,"(4) 65+","(2) Some college / 2-yr degree","(2) Female","(1) < $50,000","(1) White","(1) Eastern"
"396","spanish_scale",3,"MODERATE",50,80,99,2,50,60,99,2,"","IT IS MORE DESCRIPTIVE OF THE POTENTIAL WEATHER SCENE",0.389136016611294,"(4) 65+","(3) 4-yr / post-graduate degree","(1) Male","(1) < $50,000","(1) White","(1) Eastern"
"397","current_scale",2,"SLIGHT",50,50,50,1,50,50,50,NA,"","",1.14559544616572,"(4) 65+","(1) HS or less","(1) Male","(1) < $50,000","(1) White","(1) Eastern"
"398","spanish_scale",4,"HIGH",50,100,70,4,100,100,70,2,"","The words explain the degrees better",0.568949024079294,"(4) 65+","(2) Some college / 2-yr degree","(1) Male","(1) < $50,000","(1) White","(1) Eastern"
"399","current_scale",3,"ENHANCED",60,55,85,3,60,65,70,NA,"","",0.514601701228133,"(3) 50–64","(2) Some college / 2-yr degree","(1) Male","(1) < $50,000","(1) White","(4) Western"
"400","spanish_scale",4,"HIGH",70,70,90,5,60,60,60,2,"","Wording is precise",1.54280520987944,"(4) 65+","(2) Some college / 2-yr degree","(2) Female","(2) ≥ $50,000","(2) Black","(1) Eastern"
"401","current_scale",3,"ENHANCED",50,50,75,4,50,50,75,NA,"","",0.399139852176734,"(4) 65+","(3) 4-yr / post-graduate degree","(1) Male","(1) < $50,000","(1) White","(3) Central"
"402","levels_scale",5,"LEVEL 5 OF 5",8,8,9,4,9,8,8,2,"","love the idea of this",1.69251952353705,"(2) 30–49","(3) 4-yr / post-graduate degree","(2) Female","(2) ≥ $50,000","(4) Other","(2) Southern"
"403","levels_scale",3,"LEVEL 3 OF 5",30,25,25,4,25,35,40,2,"","Praise God always",0.432523650826182,"(4) 65+","(2) Some college / 2-yr degree","(2) Female","(1) < $50,000","(1) White","(4) Western"
"404","current_scale",1,"MARGINAL ",20,25,80,2,25,15,90,NA,"","",0.432523650826182,"(4) 65+","(2) Some college / 2-yr degree","(2) Female","(1) < $50,000","(1) White","(4) Western"
"405","spanish_scale",5,"EXTREME",50,50,50,3,50,75,75,3,"","",0.583575458639557,"(4) 65+","(2) Some college / 2-yr degree","(1) Male","(1) < $50,000","(1) White","(3) Central"
"406","spanish_scale",2,"LOW",20,15,90,1,15,15,90,2,"","The word extreme ",1.03298792388937,"(3) 50–64","(3) 4-yr / post-graduate degree","(1) Male","(2) ≥ $50,000","(1) White","(1) Eastern"
"407","likert_scale",5,"VERY HIGH",100,100,100,5,70,80,70,3,"","",0.859002122986459,"(1) 18–29","(3) 4-yr / post-graduate degree","(2) Female","(2) ≥ $50,000","(3) Hispanic","(3) Central"
"408","likert_scale",2,"LOW",5,2,10,3,3,8,20,3,"","",1.25593211291818,"(1) 18–29","(2) Some college / 2-yr degree","(2) Female","(2) ≥ $50,000","(3) Hispanic","(3) Central"
"409","levels_scale",2,"LEVEL 2 OF 5",50,50,50,3,25,10,20,2,"","puts in percentages instead of descriptions",1.0628180689552,"(4) 65+","(3) 4-yr / post-graduate degree","(1) Male","(2) ≥ $50,000","(1) White","(4) Western"
"410","likert_scale",3,"MEDIUM",20,34,56,1,50,62,56,1,"It be an help to us","",0.821175246599086,"(2) 30–49","(3) 4-yr / post-graduate degree","(1) Male","(2) ≥ $50,000","(1) White","(4) Western"
"411","likert_scale",1,"VERY LOW",68,90,87,2,87,19,76,2,"","",0.821468879847552,"(1) 18–29","(3) 4-yr / post-graduate degree","(2) Female","(2) ≥ $50,000","(2) Black","(2) Southern"
"412","current_scale",1,"MARGINAL ",50,50,80,1,20,20,100,NA,"","",0.39251276365486,"(4) 65+","(3) 4-yr / post-graduate degree","(1) Male","(1) < $50,000","(1) White","(2) Southern"
"413","spanish_scale",3,"MODERATE",50,30,20,2,40,60,50,1,"Current scale looks normal and experimental looks little scary","",2.09500558380728,"(4) 65+","(3) 4-yr / post-graduate degree","(2) Female","(2) ≥ $50,000","(4) Other","(4) Western"
"414","spanish_scale",4,"HIGH",88,90,90,3,75,100,100,2,"","Easier to handle",0.432523650826182,"(4) 65+","(2) Some college / 2-yr degree","(2) Female","(1) < $50,000","(1) White","(4) Western"
"415","current_scale",2,"SLIGHT",5,14,5,4,12,1,4,NA,"","",1.23507933852249,"(1) 18–29","(2) Some college / 2-yr degree","(2) Female","(2) ≥ $50,000","(3) Hispanic","(2) Southern"
"416","likert_scale",1,"VERY LOW",50,50,90,2,25,25,50,2,"","The wording gives a better visual of what to expect.",1.0823378147195,"(4) 65+","(3) 4-yr / post-graduate degree","(2) Female","(2) ≥ $50,000","(2) Black","(3) Central"
"417","current_scale",1,"MARGINAL ",54,56,66,5,56,55,78,NA,"","",0.821175246599086,"(2) 30–49","(3) 4-yr / post-graduate degree","(1) Male","(2) ≥ $50,000","(1) White","(4) Western"
"418","spanish_scale",4,"HIGH",60,50,70,1,30,50,30,3,"","",0.836256973669557,"(2) 30–49","(3) 4-yr / post-graduate degree","(2) Female","(2) ≥ $50,000","(2) Black","(3) Central"
"419","levels_scale",3,"LEVEL 3 OF 5",50,50,50,3,50,50,50,1,"Show risk ","",1.23643754732617,"(2) 30–49","(2) Some college / 2-yr degree","(2) Female","(2) ≥ $50,000","(3) Hispanic","(2) Southern"
"420","spanish_scale",4,"HIGH",75,100,100,4,75,75,100,1,"It Is what grew up and known since childhood.","",1.07410902732743,"(3) 50–64","(1) HS or less","(1) Male","(1) < $50,000","(1) White","(1) Eastern"
"421","spanish_scale",3,"MODERATE",70,60,55,1,60,75,70,2,"","I think it’s a better choice of words ",0.821175246599086,"(2) 30–49","(3) 4-yr / post-graduate degree","(1) Male","(2) ≥ $50,000","(1) White","(4) Western"
"422","current_scale",3,"ENHANCED",80,70,80,5,90,90,90,NA,"","",1.07410902732743,"(3) 50–64","(1) HS or less","(1) Male","(1) < $50,000","(1) White","(1) Eastern"
"423","current_scale",4,"MODERATE",40,40,50,3,75,60,75,NA,"","",1.10172202029145,"(3) 50–64","(1) HS or less","(1) Male","(1) < $50,000","(1) White","(3) Central"
"424","likert_scale",2,"LOW",10,7,70,5,5,10,6,2,"","Medium ",0.420565807530048,"(1) 18–29","(2) Some college / 2-yr degree","(2) Female","(1) < $50,000","(2) Black","(1) Eastern"
"425","likert_scale",4,"HIGH",50,45,45,4,5,10,15,1,"I understand the words","",1.20237620168361,"(2) 30–49","(2) Some college / 2-yr degree","(2) Female","(2) ≥ $50,000","(2) Black","(2) Southern"
"426","likert_scale",1,"VERY LOW",0,0,0,2,0,0,0,2,"","make you think ",0.448362298942696,"(4) 65+","(2) Some college / 2-yr degree","(2) Female","(1) < $50,000","(1) White","(1) Eastern"
"427","current_scale",3,"ENHANCED",60,70,40,4,60,70,80,NA,"","",0.910624569484381,"(4) 65+","(1) HS or less","(2) Female","(1) < $50,000","(1) White","(2) Southern"
"428","current_scale",2,"SLIGHT",75,100,90,2,50,75,75,NA,"","",0.902790559720795,"(4) 65+","(1) HS or less","(2) Female","(1) < $50,000","(1) White","(1) Eastern"
"429","levels_scale",1,"LEVEL 1 OF 5",20,50,100,5,50,50,50,2,"","It involves the number this just involves. Umbers.",1.23643754732617,"(2) 30–49","(2) Some college / 2-yr degree","(2) Female","(2) ≥ $50,000","(3) Hispanic","(2) Southern"
"430","levels_scale",3,"LEVEL 3 OF 5",50,70,90,1,60,90,90,1,"I gives a better idea on the severity","",0.432523650826182,"(4) 65+","(2) Some college / 2-yr degree","(2) Female","(1) < $50,000","(1) White","(4) Western"
"431","current_scale",5,"HIGH",50,25,100,5,100,100,100,NA,"","",0.39251276365486,"(4) 65+","(3) 4-yr / post-graduate degree","(1) Male","(1) < $50,000","(1) White","(2) Southern"
"432","likert_scale",1,"VERY LOW",50,50,50,4,50,50,50,3,"","",0.424063652799602,"(2) 30–49","(2) Some college / 2-yr degree","(1) Male","(1) < $50,000","(1) White","(4) Western"
"433","current_scale",2,"SLIGHT",0,0,0,2,0,0,0,NA,"","",0.925999329723954,"(4) 65+","(1) HS or less","(2) Female","(1) < $50,000","(1) White","(3) Central"
"434","spanish_scale",1,"MINIMAL",0,0,95,2,10,10,90,2,"","Easier to relate to quickly",0.54885058268519,"(4) 65+","(2) Some college / 2-yr degree","(1) Male","(1) < $50,000","(1) White","(4) Western"
"435","likert_scale",5,"VERY HIGH",90,90,90,1,85,90,95,1,"Clear to understand","",0.851245985500946,"(2) 30–49","(3) 4-yr / post-graduate degree","(1) Male","(2) ≥ $50,000","(1) White","(1) Eastern"
"436","likert_scale",1,"VERY LOW",75,80,100,3,20,25,70,1,"It's very clear. Everyone will understand it.","",1.26942139826676,"(4) 65+","(2) Some college / 2-yr degree","(2) Female","(2) ≥ $50,000","(1) White","(1) Eastern"
"437","likert_scale",5,"VERY HIGH",100,100,100,4,100,100,100,1,"easier to understand fast","",0.925999329723954,"(4) 65+","(1) HS or less","(2) Female","(1) < $50,000","(1) White","(3) Central"
"438","spanish_scale",1,"MINIMAL",1,2,3,5,90,80,95,1,"later","",0.851245985500946,"(2) 30–49","(3) 4-yr / post-graduate degree","(1) Male","(2) ≥ $50,000","(1) White","(1) Eastern"
"439","spanish_scale",4,"HIGH",60,40,100,5,100,100,100,2,"","I think the wording is better related.",1.17504619854726,"(4) 65+","(1) HS or less","(1) Male","(1) < $50,000","(1) White","(3) Central"
"440","levels_scale",3,"LEVEL 3 OF 5",50,50,50,4,3,3,3,3,"","",0.54885058268519,"(4) 65+","(2) Some college / 2-yr degree","(1) Male","(1) < $50,000","(1) White","(4) Western"
"441","levels_scale",1,"LEVEL 1 OF 5",0,2,100,3,0,0,100,1,"I just understand some of the words better I guess.","",0.979727744259363,"(1) 18–29","(2) Some college / 2-yr degree","(2) Female","(2) ≥ $50,000","(1) White","(1) Eastern"
"442","levels_scale",2,"LEVEL 2 OF 5",50,70,100,2,45,80,100,2,"","The numbers make it more precise and understandable to everyone while the words can be interpreted by people in various ways.",0.459888712640981,"(4) 65+","(2) Some college / 2-yr degree","(2) Female","(1) < $50,000","(1) White","(3) Central"
"443","current_scale",4,"MODERATE",35,0,90,2,30,10,90,NA,"","",1.54280520987944,"(4) 65+","(2) Some college / 2-yr degree","(2) Female","(2) ≥ $50,000","(2) Black","(1) Eastern"
"444","likert_scale",2,"LOW",100,100,100,4,80,80,80,2,"","It’s easy to understand by anyone ",0.670827421916364,"(2) 30–49","(3) 4-yr / post-graduate degree","(2) Female","(2) ≥ $50,000","(1) White","(1) Eastern"
"445","levels_scale",5,"LEVEL 5 OF 5",50,70,60,2,5,5,5,1,"It works for me","",0.554165808806062,"(2) 30–49","(2) Some college / 2-yr degree","(1) Male","(1) < $50,000","(3) Hispanic","(2) Southern"
"446","current_scale",5,"HIGH",100,95,100,4,100,100,100,NA,"","",1.05521065749463,"(4) 65+","(3) 4-yr / post-graduate degree","(2) Female","(2) ≥ $50,000","(2) Black","(1) Eastern"
"447","likert_scale",4,"HIGH",85,95,90,4,55,55,75,2,"","The wording is more understandable. What does ""enhanced"" mean. Medium is more in common usage.",0.6666955248131,"(3) 50–64","(2) Some college / 2-yr degree","(1) Male","(1) < $50,000","(3) Hispanic","(1) Eastern"
"448","current_scale",5,"HIGH",90,50,95,5,99,95,95,NA,"","",0.432523650826182,"(4) 65+","(2) Some college / 2-yr degree","(2) Female","(1) < $50,000","(1) White","(4) Western"
"449","spanish_scale",3,"MODERATE",88,100,100,2,80,100,100,2,"","It makes it more understandable and straightforward ",0.851245985500946,"(2) 30–49","(3) 4-yr / post-graduate degree","(1) Male","(2) ≥ $50,000","(1) White","(1) Eastern"
"450","likert_scale",5,"VERY HIGH",100,100,100,4,100,100,100,3,"","",1.2804368652774,"(4) 65+","(2) Some college / 2-yr degree","(2) Female","(2) ≥ $50,000","(1) White","(2) Southern"
"451","levels_scale",2,"LEVEL 2 OF 5",20,20,100,2,15,15,100,2,"","Numbers help to identify severity ",0.81440186733673,"(1) 18–29","(3) 4-yr / post-graduate degree","(2) Female","(2) ≥ $50,000","(2) Black","(1) Eastern"
"452","levels_scale",2,"LEVEL 2 OF 5",25,25,75,1,25,20,72,1,"it gives me a better idea that the numbers","",1.97472998611553,"(4) 65+","(2) Some college / 2-yr degree","(1) Male","(2) ≥ $50,000","(2) Black","(2) Southern"
"453","current_scale",2,"SLIGHT",20,20,40,1,40,40,30,NA,"","",1.71920500630866,"(1) 18–29","(3) 4-yr / post-graduate degree","(2) Female","(2) ≥ $50,000","(4) Other","(3) Central"
"454","current_scale",1,"MARGINAL ",80,80,100,2,20,50,100,NA,"","",0.837472536447166,"(1) 18–29","(3) 4-yr / post-graduate degree","(2) Female","(2) ≥ $50,000","(3) Hispanic","(1) Eastern"
"455","spanish_scale",4,"HIGH",100,100,100,4,100,100,100,2,"","I understand the experimental scale than the current one ",0.459888712640981,"(4) 65+","(2) Some college / 2-yr degree","(2) Female","(1) < $50,000","(1) White","(3) Central"
"456","current_scale",2,"SLIGHT",60,100,100,1,40,100,100,NA,"","",0.448362298942696,"(4) 65+","(2) Some college / 2-yr degree","(2) Female","(1) < $50,000","(1) White","(1) Eastern"
"457","levels_scale",5,"LEVEL 5 OF 5",50,25,25,3,15,50,25,1,"Because of high risk speading of the climate change ","",0.868591442224299,"(1) 18–29","(1) HS or less","(2) Female","(1) < $50,000","(2) Black","(3) Central"
"458","spanish_scale",3,"MODERATE",50,40,30,4,50,40,30,2,"","No sorry ",0.870810578452642,"(1) 18–29","(1) HS or less","(2) Female","(1) < $50,000","(3) Hispanic","(1) Eastern"
"459","current_scale",4,"MODERATE",5,5,5,4,5,5,5,NA,"","",0.870810578452642,"(1) 18–29","(1) HS or less","(2) Female","(1) < $50,000","(3) Hispanic","(1) Eastern"
"460","likert_scale",1,"VERY LOW",0,0,100,2,0,0,100,1,"easier to read","",0.837472536447166,"(1) 18–29","(3) 4-yr / post-graduate degree","(2) Female","(2) ≥ $50,000","(3) Hispanic","(1) Eastern"
"461","spanish_scale",1,"MINIMAL",50,35,100,2,40,20,100,2,"","It's a lot easier to read and understand",3.12887907549801,"(4) 65+","(1) HS or less","(1) Male","(2) ≥ $50,000","(1) White","(4) Western"
"462","spanish_scale",2,"LOW",33,22,12,2,32,22,12,2,"","no",1.22445407766195,"(1) 18–29","(2) Some college / 2-yr degree","(2) Female","(2) ≥ $50,000","(3) Hispanic","(1) Eastern"
"463","levels_scale",4,"LEVEL 4 OF 5",90,100,80,5,80,100,90,1,"Do not understand what an experimental scale is.","",1.10173756243007,"(4) 65+","(3) 4-yr / post-graduate degree","(1) Male","(2) ≥ $50,000","(1) White","(1) Eastern"
"464","levels_scale",4,"LEVEL 4 OF 5",60,80,50,1,50,60,50,1,"like words rather than number level ","",1.06436730020034,"(4) 65+","(3) 4-yr / post-graduate degree","(2) Female","(2) ≥ $50,000","(2) Black","(2) Southern"
"465","levels_scale",3,"LEVEL 3 OF 5",75,65,80,3,50,35,90,2,"","the words are easily mixed up whereas numbers are in a specific order ",0.675905271392097,"(1) 18–29","(3) 4-yr / post-graduate degree","(2) Female","(2) ≥ $50,000","(1) White","(2) Southern"
"466","levels_scale",4,"LEVEL 4 OF 5",100,100,100,3,100,100,100,1,"Because it’s so reliable ","",0.821175246599086,"(2) 30–49","(3) 4-yr / post-graduate degree","(1) Male","(2) ≥ $50,000","(1) White","(4) Western"
"467","spanish_scale",2,"LOW",0,0,0,2,0,0,0,3,"","",0.459888712640981,"(4) 65+","(2) Some college / 2-yr degree","(2) Female","(1) < $50,000","(1) White","(3) Central"
"468","spanish_scale",5,"EXTREME",50,50,50,3,50,100,50,1,"Since it shows the steps or ways to it","",1.18119955488728,"(1) 18–29","(2) Some college / 2-yr degree","(2) Female","(2) ≥ $50,000","(3) Hispanic","(4) Western"
"469","likert_scale",1,"VERY LOW",0,10,100,3,0,0,100,2,"","no i think the experimental might be not a good thing to follow ",2.46547398104523,"(1) 18–29","(1) HS or less","(2) Female","(2) ≥ $50,000","(3) Hispanic","(1) Eastern"
"470","levels_scale",2,"LEVEL 2 OF 5",70,80,0,5,30,40,100,2,"","Numbers help with the perspective rather than the words ",1.18119955488728,"(1) 18–29","(2) Some college / 2-yr degree","(2) Female","(2) ≥ $50,000","(3) Hispanic","(4) Western"
"471","spanish_scale",4,"HIGH",75,50,30,4,50,10,0,1,"It breaks it down so you know exactly what severity it is","",0.533445977721088,"(3) 50–64","(2) Some college / 2-yr degree","(1) Male","(1) < $50,000","(1) White","(1) Eastern"
"472","levels_scale",3,"LEVEL 3 OF 5",50,70,100,5,100,90,100,2,"","The analysis will be clear and well understandable",0.821175246599086,"(2) 30–49","(3) 4-yr / post-graduate degree","(1) Male","(2) ≥ $50,000","(1) White","(4) Western"
"473","levels_scale",5,"LEVEL 5 OF 5",20,30,50,5,40,50,50,1,"Cause the current scale is more preferable ","",0.873129657279388,"(2) 30–49","(3) 4-yr / post-graduate degree","(1) Male","(2) ≥ $50,000","(1) White","(3) Central"
"474","spanish_scale",2,"LOW",80,90,90,1,80,90,90,2,"","Easier to understand between each level. ",1.4591940812208,"(2) 30–49","(2) Some college / 2-yr degree","(1) Male","(2) ≥ $50,000","(2) Black","(4) Western"
"475","current_scale",5,"HIGH",50,10,5,1,50,50,50,NA,"","",2.53163688928213,"(2) 30–49","(1) HS or less","(2) Female","(2) ≥ $50,000","(3) Hispanic","(3) Central"
"476","spanish_scale",3,"MODERATE",80,100,90,4,70,80,95,1,"It give me the actual indication of the conditions of the weather and how dangerous it is","",0.851245985500946,"(2) 30–49","(3) 4-yr / post-graduate degree","(1) Male","(2) ≥ $50,000","(1) White","(1) Eastern"
"477","levels_scale",3,"LEVEL 3 OF 5",75,80,100,4,50,60,100,3,"","",0.568949024079294,"(4) 65+","(2) Some college / 2-yr degree","(1) Male","(1) < $50,000","(1) White","(1) Eastern"
"478","likert_scale",4,"HIGH",70,80,100,3,70,80,100,2,"","I like how direct this scale is at letting people know the weather activity in their area. ",1.0731107033079,"(2) 30–49","(3) 4-yr / post-graduate degree","(1) Male","(2) ≥ $50,000","(3) Hispanic","(2) Southern"
"479","levels_scale",4,"LEVEL 4 OF 5",2,1,3,4,2,2,2,2,"","The only way I can get a job in a field is if I’m a good person and I’m a ",0.851245985500946,"(2) 30–49","(3) 4-yr / post-graduate degree","(1) Male","(2) ≥ $50,000","(1) White","(1) Eastern"
"480","levels_scale",4,"LEVEL 4 OF 5",55,66,70,3,65,70,66,1,"Yeah due to the situated experimental scale performed above, I feel it has an higher probability ","",0.851245985500946,"(2) 30–49","(3) 4-yr / post-graduate degree","(1) Male","(2) ≥ $50,000","(1) White","(1) Eastern"
"481","levels_scale",3,"LEVEL 3 OF 5",60,80,90,3,50,50,50,1,"Not sure ","",0.49055858304276,"(4) 65+","(3) 4-yr / post-graduate degree","(1) Male","(1) < $50,000","(3) Hispanic","(2) Southern"
"482","current_scale",5,"HIGH",20,80,80,5,95,100,80,NA,"","",0.853864527349851,"(2) 30–49","(1) HS or less","(1) Male","(1) < $50,000","(1) White","(4) Western"
"483","spanish_scale",2,"LOW",20,50,30,4,50,20,30,1,"Very perfect ","",0.850310904069533,"(1) 18–29","(3) 4-yr / post-graduate degree","(1) Male","(2) ≥ $50,000","(1) White","(1) Eastern"
"484","levels_scale",2,"LEVEL 2 OF 5",70,90,95,4,70,80,85,2,"","The experimental scale shows the degree of severity of the storm",0.851245985500946,"(2) 30–49","(3) 4-yr / post-graduate degree","(1) Male","(2) ≥ $50,000","(1) White","(1) Eastern"
"485","spanish_scale",1,"MINIMAL",100,0,0,2,100,0,0,2,"","Everyone ",2.48686825353889,"(1) 18–29","(1) HS or less","(2) Female","(2) ≥ $50,000","(3) Hispanic","(2) Southern"
"486","current_scale",2,"SLIGHT",50,70,80,2,70,80,60,NA,"","",1.0731107033079,"(2) 30–49","(3) 4-yr / post-graduate degree","(1) Male","(2) ≥ $50,000","(3) Hispanic","(2) Southern"
"487","likert_scale",2,"LOW",60,80,70,1,70,70,60,2,"","The overall features and quality ",0.821175246599086,"(2) 30–49","(3) 4-yr / post-graduate degree","(1) Male","(2) ≥ $50,000","(1) White","(4) Western"
"488","spanish_scale",1,"MINIMAL",0,0,100,1,0,0,100,2,"","Better one-word descriptions",1.10173756243007,"(4) 65+","(3) 4-yr / post-graduate degree","(1) Male","(2) ≥ $50,000","(1) White","(1) Eastern"
"489","likert_scale",1,"VERY LOW",0,0,100,1,0,0,100,1,"easier","",0.573886107394608,"(4) 65+","(2) Some college / 2-yr degree","(1) Male","(1) < $50,000","(1) White","(2) Southern"
"490","current_scale",5,"HIGH",90,90,90,5,100,90,90,NA,"","",0.538074981594484,"(3) 50–64","(2) Some college / 2-yr degree","(1) Male","(1) < $50,000","(1) White","(2) Southern"
"491","levels_scale",4,"LEVEL 4 OF 5",65,85,90,5,85,85,85,1,"I think it is clear and easy to understand.","",0.450893464418237,"(2) 30–49","(2) Some college / 2-yr degree","(1) Male","(1) < $50,000","(1) White","(3) Central"
"492","likert_scale",1,"VERY LOW",0,0,100,1,0,0,100,2,"","The words marginal and enhanced can mean many different things to different people. Enhanced can mean ANYTHING if there is no based point to start from.",0.54715970663942,"(3) 50–64","(2) Some college / 2-yr degree","(1) Male","(1) < $50,000","(1) White","(3) Central"
"493","spanish_scale",5,"EXTREME",100,90,80,5,100,80,100,2,"","It's easier to understand.",0.477044689444916,"(4) 65+","(3) 4-yr / post-graduate degree","(1) Male","(1) < $50,000","(2) Black","(2) Southern"
"494","current_scale",5,"HIGH",98,99,97,2,100,100,100,NA,"","",0.979727744259363,"(1) 18–29","(2) Some college / 2-yr degree","(2) Female","(2) ≥ $50,000","(1) White","(1) Eastern"
"495","levels_scale",4,"LEVEL 4 OF 5",80,100,80,5,50,70,80,2,"","I feel like the numbers give me a better idea of how high or low the risk is",3.19448484208712,"(4) 65+","(1) HS or less","(2) Female","(2) ≥ $50,000","(3) Hispanic","(1) Eastern"
"496","spanish_scale",2,"LOW",50,60,50,1,60,50,60,1,"All ok","",1.62480946014562,"(4) 65+","(2) Some college / 2-yr degree","(1) Male","(2) ≥ $50,000","(1) White","(2) Southern"
"497","levels_scale",2,"LEVEL 2 OF 5",80,80,70,2,70,70,70,1,"This scale is very helpful.","",0.821175246599086,"(2) 30–49","(3) 4-yr / post-graduate degree","(1) Male","(2) ≥ $50,000","(1) White","(4) Western"
"498","current_scale",3,"ENHANCED",80,70,85,4,85,65,75,NA,"","",0.851245985500946,"(2) 30–49","(3) 4-yr / post-graduate degree","(1) Male","(2) ≥ $50,000","(1) White","(1) Eastern"
"499","levels_scale",3,"LEVEL 3 OF 5",100,100,100,5,100,100,100,1,"Current scale is more helpful because it’s explanatory enough","",0.821175246599086,"(2) 30–49","(3) 4-yr / post-graduate degree","(1) Male","(2) ≥ $50,000","(1) White","(4) Western"
"500","spanish_scale",5,"EXTREME",78,56,73,4,100,100,98,1,"It makes it easier to understand ","",0.840048709399928,"(1) 18–29","(1) HS or less","(2) Female","(1) < $50,000","(3) Hispanic","(4) Western"
"501","current_scale",3,"ENHANCED",90,70,70,5,70,60,60,NA,"","",0.37902494995916,"(2) 30–49","(3) 4-yr / post-graduate degree","(1) Male","(1) < $50,000","(3) Hispanic","(2) Southern"
"502","levels_scale",5,"LEVEL 5 OF 5",95,95,90,5,100,100,90,2,"","prefer numbered warnings, words can be misunderstood",1.24459199875595,"(2) 30–49","(2) Some college / 2-yr degree","(1) Male","(2) ≥ $50,000","(1) White","(1) Eastern"
"503","likert_scale",1,"VERY LOW",30,40,30,3,50,30,50,1,"It’s help a lot ","",0.647130069334097,"(2) 30–49","(3) 4-yr / post-graduate degree","(2) Female","(2) ≥ $50,000","(1) White","(4) Western"
"504","spanish_scale",5,"EXTREME",75,50,70,5,100,100,100,2,"","both about the same but not quite",0.925999329723954,"(4) 65+","(1) HS or less","(2) Female","(1) < $50,000","(1) White","(3) Central"
"505","current_scale",5,"HIGH",85,100,60,5,100,100,75,NA,"","",0.853864527349851,"(2) 30–49","(1) HS or less","(1) Male","(1) < $50,000","(1) White","(4) Western"
"506","likert_scale",4,"HIGH",100,100,90,3,100,100,90,1,"Because you of the was it was said ","",0.821175246599086,"(2) 30–49","(3) 4-yr / post-graduate degree","(1) Male","(2) ≥ $50,000","(1) White","(4) Western"
"507","current_scale",4,"MODERATE",50,40,10,4,80,30,10,NA,"","",1.22445407766195,"(1) 18–29","(2) Some college / 2-yr degree","(2) Female","(2) ≥ $50,000","(3) Hispanic","(1) Eastern"
"508","spanish_scale",3,"MODERATE",2,46,57,5,5,30,20,1,"Cause now u know what Moderate really means!!","",1.1158290112481,"(2) 30–49","(1) HS or less","(1) Male","(1) < $50,000","(3) Hispanic","(2) Southern"
"509","spanish_scale",4,"HIGH",100,100,0,5,50,75,0,2,"","I can understand the words in the Experimental Scale much better than the Current scale.  I don't like the words Marginal and Enhanced.",0.892813099415454,"(2) 30–49","(1) HS or less","(1) Male","(1) < $50,000","(1) White","(2) Southern"
"510","current_scale",2,"SLIGHT",2,0,8,2,2,0,8,NA,"","",1.10173756243007,"(4) 65+","(3) 4-yr / post-graduate degree","(1) Male","(2) ≥ $50,000","(1) White","(1) Eastern"
"511","likert_scale",4,"HIGH",90,100,100,5,25,10,100,2,"","more defining",1.14559544616572,"(4) 65+","(1) HS or less","(1) Male","(1) < $50,000","(1) White","(1) Eastern"
"512","spanish_scale",5,"EXTREME",25,30,30,5,90,90,90,2,"","The urgency in the experimental one makes it more clear ",0.989316129742098,"(2) 30–49","(2) Some college / 2-yr degree","(2) Female","(2) ≥ $50,000","(1) White","(2) Southern"
"513","levels_scale",1,"LEVEL 1 OF 5",20,0,90,2,20,0,90,2,"","I think the numeric scale is better because words can have slightly different meanings to different people.  ",1.2804368652774,"(4) 65+","(2) Some college / 2-yr degree","(2) Female","(2) ≥ $50,000","(1) White","(2) Southern"
"514","spanish_scale",1,"MINIMAL",50,50,100,2,10,0,100,1,"it's easier to read","",0.452252984982464,"(4) 65+","(2) Some college / 2-yr degree","(2) Female","(1) < $50,000","(1) White","(2) Southern"
"515","current_scale",3,"ENHANCED",10,10,10,3,25,10,10,NA,"","",0.683834808039886,"(3) 50–64","(2) Some college / 2-yr degree","(1) Male","(1) < $50,000","(3) Hispanic","(3) Central"
"516","spanish_scale",4,"HIGH",100,100,100,5,25,20,40,2,"","It alerts you more of what could happen if you choose to ignore the weather forecast ",0.851245985500946,"(2) 30–49","(3) 4-yr / post-graduate degree","(1) Male","(2) ≥ $50,000","(1) White","(1) Eastern"
"517","levels_scale",3,"LEVEL 3 OF 5",65,85,85,5,75,75,75,1,"i understand it.","",1.62480946014562,"(4) 65+","(2) Some college / 2-yr degree","(1) Male","(2) ≥ $50,000","(1) White","(2) Southern"
"518","spanish_scale",4,"HIGH",60,80,75,2,75,60,85,2,"","It give more explanation than current scale ",0.851245985500946,"(2) 30–49","(3) 4-yr / post-graduate degree","(1) Male","(2) ≥ $50,000","(1) White","(1) Eastern"
"519","levels_scale",3,"LEVEL 3 OF 5",50,50,80,2,60,80,80,2,"","numbers based",0.771387394403512,"(2) 30–49","(3) 4-yr / post-graduate degree","(1) Male","(1) < $50,000","(4) Other","(3) Central"
"520","levels_scale",1,"LEVEL 1 OF 5",83,96,94,4,14,29,100,1,"Ezpermential scal would only mean something to me if I knew the difference between level 1 and other levels.","",0.902790559720795,"(4) 65+","(1) HS or less","(2) Female","(1) < $50,000","(1) White","(1) Eastern"
"521","likert_scale",3,"MEDIUM",10,100,100,3,10,100,100,1,"I’m not sure ","",1.08389823014315,"(1) 18–29","(1) HS or less","(1) Male","(1) < $50,000","(2) Black","(2) Southern"
"522","current_scale",4,"MODERATE",100,100,100,3,100,100,100,NA,"","",0.568949024079294,"(4) 65+","(2) Some college / 2-yr degree","(1) Male","(1) < $50,000","(1) White","(1) Eastern"
"523","levels_scale",4,"LEVEL 4 OF 5",100,100,100,4,100,100,100,2,"","5 is the highest rate for the range which tells me severe",1.48830475591793,"(4) 65+","(2) Some college / 2-yr degree","(2) Female","(2) ≥ $50,000","(2) Black","(4) Western"
"524","spanish_scale",4,"HIGH",50,50,50,3,50,30,30,3,"","",0.533445977721088,"(3) 50–64","(2) Some college / 2-yr degree","(1) Male","(1) < $50,000","(1) White","(1) Eastern"
"525","likert_scale",3,"MEDIUM",50,50,70,3,50,50,75,3,"","",1.08510304465292,"(4) 65+","(3) 4-yr / post-graduate degree","(2) Female","(2) ≥ $50,000","(3) Hispanic","(1) Eastern"
"526","current_scale",1,"MARGINAL ",10,20,50,1,10,20,50,NA,"","",0.568949024079294,"(4) 65+","(2) Some college / 2-yr degree","(1) Male","(1) < $50,000","(1) White","(1) Eastern"
"527","current_scale",4,"MODERATE",100,95,100,1,90,100,100,NA,"","",0.845668700695561,"(2) 30–49","(3) 4-yr / post-graduate degree","(2) Female","(2) ≥ $50,000","(3) Hispanic","(2) Southern"
"528","levels_scale",1,"LEVEL 1 OF 5",0,0,0,3,50,50,50,3,"","",2.93363357165628,"(3) 50–64","(1) HS or less","(1) Male","(2) ≥ $50,000","(1) White","(4) Western"
"529","spanish_scale",5,"EXTREME",75,90,40,5,90,100,65,2,"","Because going for low to extreme seems easier ",1.19072285229364,"(1) 18–29","(2) Some college / 2-yr degree","(2) Female","(2) ≥ $50,000","(2) Black","(1) Eastern"
"530","spanish_scale",3,"MODERATE",40,40,60,3,60,50,70,2,"","The words used make it easier to understand ",3.06744969227012,"(3) 50–64","(1) HS or less","(1) Male","(2) ≥ $50,000","(1) White","(2) Southern"
"531","levels_scale",5,"LEVEL 5 OF 5",90,100,90,4,80,70,70,1,"Shows how intense weather can be ","",0.786776442229939,"(4) 65+","(3) 4-yr / post-graduate degree","(2) Female","(1) < $50,000","(4) Other","(3) Central"
"532","likert_scale",5,"VERY HIGH",80,90,75,3,75,75,90,2,"","The terminology is just easier to understand the wrist level",0.36485350015957,"(3) 50–64","(3) 4-yr / post-graduate degree","(1) Male","(1) < $50,000","(1) White","(1) Eastern"
"533","likert_scale",2,"LOW",100,100,98,2,30,20,60,2,"","Improved Communication: A new scale could be designed to better communicate the potential threats of tornadoes to the public and emergency responders. Clear and concise information about a tornado's strength and impacts can help people make informed decisions regarding safety measures.",0.851245985500946,"(2) 30–49","(3) 4-yr / post-graduate degree","(1) Male","(2) ≥ $50,000","(1) White","(1) Eastern"
"534","current_scale",5,"HIGH",50,50,50,4,70,70,70,NA,"","",0.39251276365486,"(4) 65+","(3) 4-yr / post-graduate degree","(1) Male","(1) < $50,000","(1) White","(2) Southern"
"535","current_scale",2,"SLIGHT",20,10,25,1,35,80,25,NA,"","",2.06495619251341,"(4) 65+","(2) Some college / 2-yr degree","(1) Male","(2) ≥ $50,000","(3) Hispanic","(3) Central"
"536","likert_scale",3,"MEDIUM",50,50,50,3,50,50,50,2,"","the scale is clearer",1.38888921723878,"(4) 65+","(3) 4-yr / post-graduate degree","(1) Male","(2) ≥ $50,000","(3) Hispanic","(2) Southern"
"537","current_scale",1,"MARGINAL ",10,0,90,3,5,0,95,NA,"","",0.533445977721088,"(3) 50–64","(2) Some college / 2-yr degree","(1) Male","(1) < $50,000","(1) White","(1) Eastern"
"538","current_scale",2,"SLIGHT",6,7,8,2,3,4,6,NA,"","",1.02516935678086,"(1) 18–29","(3) 4-yr / post-graduate degree","(1) Male","(2) ≥ $50,000","(3) Hispanic","(4) Western"
"539","current_scale",5,"HIGH",75,75,75,4,100,100,80,NA,"","",1.22457837982803,"(4) 65+","(2) Some college / 2-yr degree","(2) Female","(2) ≥ $50,000","(1) White","(4) Western"
"540","spanish_scale",4,"HIGH",90,80,90,4,90,90,80,2,"","enhanced is too vague; moderate is too weak for the risk",0.375389569929444,"(4) 65+","(3) 4-yr / post-graduate degree","(1) Male","(1) < $50,000","(1) White","(4) Western"
"541","likert_scale",4,"HIGH",50,70,50,1,40,10,0,3,"","",0.309321077334542,"(4) 65+","(3) 4-yr / post-graduate degree","(2) Female","(1) < $50,000","(1) White","(2) Southern"
"542","likert_scale",1,"VERY LOW",2,0,99,2,1,0,99,2,"","The more emphatic verbage is more meaningful to me.",1.10173756243007,"(4) 65+","(3) 4-yr / post-graduate degree","(1) Male","(2) ≥ $50,000","(1) White","(1) Eastern"
"543","likert_scale",4,"HIGH",100,100,100,5,75,100,75,2,"","Makes it easier to understand ",0.431377634252269,"(1) 18–29","(2) Some college / 2-yr degree","(2) Female","(1) < $50,000","(2) Black","(3) Central"
"544","spanish_scale",2,"LOW",4,4,4,2,2,2,2,1,"It lets you know that the possibility of a storm is most likely to occur.","",0.432523650826182,"(4) 65+","(2) Some college / 2-yr degree","(2) Female","(1) < $50,000","(1) White","(4) Western"
"545","current_scale",2,"SLIGHT",50,40,60,3,40,50,60,NA,"","",0.583575458639557,"(4) 65+","(2) Some college / 2-yr degree","(1) Male","(1) < $50,000","(1) White","(3) Central"
"546","current_scale",2,"SLIGHT",70,50,80,3,90,80,90,NA,"","",3.06877632247807,"(1) 18–29","(1) HS or less","(1) Male","(2) ≥ $50,000","(2) Black","(2) Southern"
"547","likert_scale",5,"VERY HIGH",80,80,100,3,80,80,100,2,"","simple language",0.875762291854918,"(4) 65+","(3) 4-yr / post-graduate degree","(2) Female","(2) ≥ $50,000","(1) White","(2) Southern"
"548","current_scale",4,"MODERATE",40,20,80,1,100,100,100,NA,"","",0.533445977721088,"(3) 50–64","(2) Some college / 2-yr degree","(1) Male","(1) < $50,000","(1) White","(1) Eastern"
"549","likert_scale",2,"LOW",45,37,50,1,25,35,25,2,"","Is more easy understanding ",0.643144133799026,"(3) 50–64","(2) Some college / 2-yr degree","(1) Male","(1) < $50,000","(3) Hispanic","(4) Western"
"550","levels_scale",3,"LEVEL 3 OF 5",75,60,60,3,60,75,60,1,"Numeric values might make me assume more risk. ","",1.28772815011224,"(3) 50–64","(3) 4-yr / post-graduate degree","(1) Male","(2) ≥ $50,000","(2) Black","(3) Central"
"551","likert_scale",2,"LOW",15,15,85,2,15,15,85,2,"","Easier to understand than the other. However, without understanding the definitions, it's still not very helpful. ",1.03298792388937,"(3) 50–64","(3) 4-yr / post-graduate degree","(1) Male","(2) ≥ $50,000","(1) White","(1) Eastern"
"552","spanish_scale",3,"MODERATE",5,5,50,2,5,5,50,1,"just looks better","",1.61083139102548,"(4) 65+","(2) Some college / 2-yr degree","(1) Male","(2) ≥ $50,000","(1) White","(1) Eastern"
"553","likert_scale",2,"LOW",0,0,100,2,100,100,100,1,"","",0.533445977721088,"(3) 50–64","(2) Some college / 2-yr degree","(1) Male","(1) < $50,000","(1) White","(1) Eastern"
"554","levels_scale",1,"LEVEL 1 OF 5",0,0,0,2,10,0,100,2,"","The experimental scale has objective numbers. The current scale is open to interpretation.",0.309321077334542,"(4) 65+","(3) 4-yr / post-graduate degree","(2) Female","(1) < $50,000","(1) White","(2) Southern"
"555","spanish_scale",2,"LOW",0,0,100,2,0,0,100,1,"It provides more information. The more information provided the better.","",1.10173756243007,"(4) 65+","(3) 4-yr / post-graduate degree","(1) Male","(2) ≥ $50,000","(1) White","(1) Eastern"
"556","likert_scale",5,"VERY HIGH",40,0,50,4,30,0,50,1,"it tells me what i need to know","",1.15553640734852,"(4) 65+","(1) HS or less","(1) Male","(1) < $50,000","(1) White","(2) Southern"
"557","current_scale",1,"MARGINAL ",25,25,50,1,15,10,10,NA,"","",1.51031373631401,"(3) 50–64","(2) Some college / 2-yr degree","(1) Male","(2) ≥ $50,000","(1) White","(1) Eastern"
"558","spanish_scale",3,"MODERATE",30,30,40,2,20,10,40,2,"","Where I live there’s no place to go and and sometimes the experimental is better than the others",1.15553640734852,"(4) 65+","(1) HS or less","(1) Male","(1) < $50,000","(1) White","(2) Southern"
"559","likert_scale",4,"HIGH",50,80,50,5,80,100,50,2,"","It's easier to understand for novices",0.565221322802479,"(4) 65+","(2) Some college / 2-yr degree","(2) Female","(1) < $50,000","(3) Hispanic","(2) Southern"
"560","levels_scale",5,"LEVEL 5 OF 5",90,90,50,3,90,90,50,1,"It seems a bit clearer","",1.0628180689552,"(4) 65+","(3) 4-yr / post-graduate degree","(1) Male","(2) ≥ $50,000","(1) White","(4) Western"
"561","levels_scale",4,"LEVEL 4 OF 5",50,50,57,5,60,50,57,3,"","",0.912618024615263,"(3) 50–64","(3) 4-yr / post-graduate degree","(1) Male","(1) < $50,000","(4) Other","(1) Eastern"
"562","current_scale",5,"HIGH",70,87,90,5,80,89,90,NA,"","",1.02629672892791,"(2) 30–49","(3) 4-yr / post-graduate degree","(1) Male","(2) ≥ $50,000","(3) Hispanic","(4) Western"
"563","spanish_scale",1,"MINIMAL",20,20,80,1,10,10,80,1,"The current scale conveys the risks without inducing panic.","",0.533445977721088,"(3) 50–64","(2) Some college / 2-yr degree","(1) Male","(1) < $50,000","(1) White","(1) Eastern"
"564","levels_scale",2,"LEVEL 2 OF 5",30,10,20,1,30,10,20,2,"","the numerical scale is easier to comprehend",1.0731107033079,"(2) 30–49","(3) 4-yr / post-graduate degree","(1) Male","(2) ≥ $50,000","(3) Hispanic","(2) Southern"
"565","levels_scale",4,"LEVEL 4 OF 5",90,90,25,5,90,90,25,2,"","Easy to understand",0.351964846905867,"(3) 50–64","(3) 4-yr / post-graduate degree","(1) Male","(1) < $50,000","(1) White","(4) Western"
"566","current_scale",2,"SLIGHT",50,70,90,2,50,70,90,NA,"","",0.910624569484381,"(4) 65+","(1) HS or less","(2) Female","(1) < $50,000","(1) White","(2) Southern"
"567","likert_scale",1,"VERY LOW",15,15,15,2,0,0,0,2,"","It’s clear to everyone without needing definitions ",0.432523650826182,"(4) 65+","(2) Some college / 2-yr degree","(2) Female","(1) < $50,000","(1) White","(4) Western"
"568","current_scale",3,"ENHANCED",75,60,100,5,70,60,100,NA,"","",1.04195172772436,"(3) 50–64","(3) 4-yr / post-graduate degree","(1) Male","(2) ≥ $50,000","(1) White","(2) Southern"
"569","likert_scale",3,"MEDIUM",60,40,10,5,50,25,30,2,"","It is easy to use, and I get it",1.04195172772436,"(3) 50–64","(3) 4-yr / post-graduate degree","(1) Male","(2) ≥ $50,000","(1) White","(2) Southern"
"570","levels_scale",2,"LEVEL 2 OF 5",50,59,50,5,25,25,25,1,"Because it explains everything ","",1.04240235765343,"(1) 18–29","(3) 4-yr / post-graduate degree","(1) Male","(2) ≥ $50,000","(2) Black","(2) Southern"
"571","likert_scale",3,"MEDIUM",30,20,20,3,30,20,20,2,"","WE AS PEOPLE USE SIMPLE ENLISH INSTEAD OF FANCY WORDS",3.32683812154899,"(4) 65+","(1) HS or less","(1) Male","(2) ≥ $50,000","(1) White","(3) Central"
"572","levels_scale",4,"LEVEL 4 OF 5",100,100,70,5,100,100,80,1,"Use to it and understand it fT","",0.448362298942696,"(4) 65+","(2) Some college / 2-yr degree","(2) Female","(1) < $50,000","(1) White","(1) Eastern"
"573","likert_scale",5,"VERY HIGH",50,50,50,1,80,75,80,2,"","seems more definite",0.459888712640981,"(4) 65+","(2) Some college / 2-yr degree","(2) Female","(1) < $50,000","(1) White","(3) Central"
"574","current_scale",1,"MARGINAL ",40,50,60,3,60,90,60,NA,"","",0.868228198689766,"(4) 65+","(3) 4-yr / post-graduate degree","(2) Female","(2) ≥ $50,000","(1) White","(1) Eastern"
"575","likert_scale",4,"HIGH",100,100,100,5,100,100,100,1,"none ","",1.17504619854726,"(4) 65+","(1) HS or less","(1) Male","(1) < $50,000","(1) White","(3) Central"
"576","current_scale",4,"MODERATE",100,100,100,4,100,100,100,NA,"","",2.62172659633566,"(4) 65+","(1) HS or less","(2) Female","(2) ≥ $50,000","(1) White","(3) Central"
"577","spanish_scale",3,"MODERATE",30,20,90,2,40,40,70,2,"","it is more direct and to the point",2.5781969559369,"(4) 65+","(1) HS or less","(2) Female","(2) ≥ $50,000","(1) White","(2) Southern"
"578","likert_scale",2,"LOW",10,25,45,1,20,30,40,2,"","It is somewhat easier to interpret for the average person ",1.10173756243007,"(4) 65+","(3) 4-yr / post-graduate degree","(1) Male","(2) ≥ $50,000","(1) White","(1) Eastern"
"579","levels_scale",4,"LEVEL 4 OF 5",80,90,50,5,75,90,50,2,"","More descriptive ",1.04195172772436,"(3) 50–64","(3) 4-yr / post-graduate degree","(1) Male","(2) ≥ $50,000","(1) White","(2) Southern"
"580","levels_scale",2,"LEVEL 2 OF 5",10,10,10,1,10,10,10,1,"It gives the best definition and likelihood of severe weather ","",1.14559544616572,"(4) 65+","(1) HS or less","(1) Male","(1) < $50,000","(1) White","(1) Eastern"
"581","likert_scale",3,"MEDIUM",70,70,70,3,70,70,70,1,"think those words are more descriptive of a possible storm.","",1.04195172772436,"(3) 50–64","(3) 4-yr / post-graduate degree","(1) Male","(2) ≥ $50,000","(1) White","(2) Southern"
"582","spanish_scale",1,"MINIMAL",70,100,30,1,60,50,35,2,"","Just because the words themselves roll off the tongue more clearly than the ""current scale"" seems to in my personal opinion.",0.885132319901853,"(2) 30–49","(1) HS or less","(1) Male","(1) < $50,000","(1) White","(1) Eastern"
"583","levels_scale",1,"LEVEL 1 OF 5",25,30,10,1,25,30,50,1,"Because it says it in words we understand, Not numbers.","",0.399139852176734,"(4) 65+","(3) 4-yr / post-graduate degree","(1) Male","(1) < $50,000","(1) White","(3) Central"
"584","current_scale",1,"MARGINAL ",70,80,80,3,65,60,75,NA,"","",0.452252984982464,"(4) 65+","(2) Some college / 2-yr degree","(2) Female","(1) < $50,000","(1) White","(2) Southern"
"585","current_scale",4,"MODERATE",50,100,90,1,100,100,100,NA,"","",0.568949024079294,"(4) 65+","(2) Some college / 2-yr degree","(1) Male","(1) < $50,000","(1) White","(1) Eastern"
"586","spanish_scale",4,"HIGH",90,100,80,5,100,100,75,2,"","The wording on the experimental scale is much more specific and enhances the danger that is implied by the wording in the definitions. ",0.459888712640981,"(4) 65+","(2) Some college / 2-yr degree","(2) Female","(1) < $50,000","(1) White","(3) Central"
"587","current_scale",1,"MARGINAL ",15,15,80,1,15,15,80,NA,"","",0.890548446012557,"(4) 65+","(3) 4-yr / post-graduate degree","(2) Female","(2) ≥ $50,000","(1) White","(3) Central"
"588","current_scale",1,"MARGINAL ",11,11,100,1,11,1,100,NA,"","",1.1112979446561,"(4) 65+","(3) 4-yr / post-graduate degree","(1) Male","(2) ≥ $50,000","(1) White","(2) Southern"
"589","likert_scale",5,"VERY HIGH",80,80,100,5,80,80,100,3,"","",1.05521065749463,"(4) 65+","(3) 4-yr / post-graduate degree","(2) Female","(2) ≥ $50,000","(2) Black","(1) Eastern"
"590","current_scale",2,"SLIGHT",10,10,1,1,3,5,5,NA,"","",3.04106073721242,"(3) 50–64","(1) HS or less","(1) Male","(2) ≥ $50,000","(1) White","(1) Eastern"
"591","levels_scale",5,"LEVEL 5 OF 5",100,100,20,5,100,100,25,2,"","Numbers are better than terminology that could be confusing.",0.375389569929444,"(4) 65+","(3) 4-yr / post-graduate degree","(1) Male","(1) < $50,000","(1) White","(4) Western"
"592","spanish_scale",5,"EXTREME",70,50,50,5,100,95,95,3,"","",1.14559544616572,"(4) 65+","(1) HS or less","(1) Male","(1) < $50,000","(1) White","(1) Eastern"
"593","levels_scale",1,"LEVEL 1 OF 5",50,90,100,1,50,90,100,1,"The current scale is easier to understand.","",1.61083139102548,"(4) 65+","(2) Some college / 2-yr degree","(1) Male","(2) ≥ $50,000","(1) White","(1) Eastern"
"594","spanish_scale",1,"MINIMAL",20,20,60,1,10,20,10,1,"1","",1.03457113856201,"(2) 30–49","(3) 4-yr / post-graduate degree","(1) Male","(2) ≥ $50,000","(2) Black","(1) Eastern"
"595","spanish_scale",1,"MINIMAL",25,0,99,1,45,25,99,3,"","",0.452252984982464,"(4) 65+","(2) Some college / 2-yr degree","(2) Female","(1) < $50,000","(1) White","(2) Southern"
"596","levels_scale",5,"LEVEL 5 OF 5",100,100,50,5,100,100,50,3,"","",0.875762291854918,"(4) 65+","(3) 4-yr / post-graduate degree","(2) Female","(2) ≥ $50,000","(1) White","(2) Southern"
"597","current_scale",2,"SLIGHT",20,10,90,2,20,20,90,NA,"","",2.46572426708033,"(4) 65+","(1) HS or less","(2) Female","(2) ≥ $50,000","(1) White","(4) Western"
"598","levels_scale",2,"LEVEL 2 OF 5",90,80,100,1,80,90,100,1,"100","",0.452252984982464,"(4) 65+","(2) Some college / 2-yr degree","(2) Female","(1) < $50,000","(1) White","(2) Southern"
"599","spanish_scale",2,"LOW",10,10,90,2,10,10,90,2,"","the wording is easier to understand",0.309321077334542,"(4) 65+","(3) 4-yr / post-graduate degree","(2) Female","(1) < $50,000","(1) White","(2) Southern"
"600","current_scale",4,"MODERATE",30,40,90,3,60,50,90,NA,"","",0.858632714670656,"(2) 30–49","(3) 4-yr / post-graduate degree","(1) Male","(2) ≥ $50,000","(1) White","(2) Southern"
"601","likert_scale",2,"LOW",10,10,20,2,10,10,25,2,"","The experimental scale depicts risk clearly, unlike the current scale that uses ""moderate"", ""enhanced"" and ""marginal"" ",1.45696106176616,"(3) 50–64","(2) Some college / 2-yr degree","(1) Male","(2) ≥ $50,000","(1) White","(4) Western"
"602","levels_scale",4,"LEVEL 4 OF 5",90,90,90,4,100,100,90,2,"","Seems more clear than the current scale",1.30205544494817,"(4) 65+","(2) Some college / 2-yr degree","(2) Female","(2) ≥ $50,000","(1) White","(3) Central"
"603","levels_scale",3,"LEVEL 3 OF 5",65,90,100,5,65,85,100,1,"it tells me more what is happening","",1.15730483477312,"(4) 65+","(1) HS or less","(2) Female","(1) < $50,000","(3) Hispanic","(3) Central"
"604","levels_scale",5,"LEVEL 5 OF 5",80,100,100,5,100,100,75,1,"Because the experimental scale is just numbers and they could mean anything. The current scale is very descriptive ","",1.27658773590216,"(2) 30–49","(2) Some college / 2-yr degree","(1) Male","(2) ≥ $50,000","(1) White","(3) Central"
"605","spanish_scale",2,"LOW",20,50,60,1,40,70,70,3,"","",2.51361983670766,"(1) 18–29","(2) Some college / 2-yr degree","(2) Female","(2) ≥ $50,000","(4) Other","(3) Central"
"606","current_scale",4,"MODERATE",20,10,95,1,50,75,90,NA,"","",0.452252984982464,"(4) 65+","(2) Some college / 2-yr degree","(2) Female","(1) < $50,000","(1) White","(2) Southern"
"607","current_scale",5,"HIGH",40,30,40,3,90,90,100,NA,"","",1.1112979446561,"(4) 65+","(3) 4-yr / post-graduate degree","(1) Male","(2) ≥ $50,000","(1) White","(2) Southern"
"608","current_scale",1,"MARGINAL ",10,15,70,1,10,50,80,NA,"","",1.1112979446561,"(4) 65+","(3) 4-yr / post-graduate degree","(1) Male","(2) ≥ $50,000","(1) White","(2) Southern"
"609","likert_scale",5,"VERY HIGH",100,90,80,3,100,100,90,1,"It's very understandable ","",0.85510917461689,"(2) 30–49","(1) HS or less","(2) Female","(1) < $50,000","(2) Black","(2) Southern"
"610","spanish_scale",4,"HIGH",50,50,50,1,50,50,50,2,"","""slight"" and ""enhanced"" are vague terms",1.52341955851049,"(3) 50–64","(2) Some college / 2-yr degree","(1) Male","(2) ≥ $50,000","(1) White","(2) Southern"
"611","current_scale",1,"MARGINAL ",60,60,60,1,60,60,60,NA,"","",0.902790559720795,"(4) 65+","(1) HS or less","(2) Female","(1) < $50,000","(1) White","(1) Eastern"
"612","spanish_scale",4,"HIGH",50,25,25,4,90,50,50,2,"","Easier to understand ",1.55392787429883,"(4) 65+","(2) Some college / 2-yr degree","(1) Male","(2) ≥ $50,000","(1) White","(4) Western"
"613","likert_scale",2,"LOW",10,1,5,2,20,10,10,1,"the current scale is more literal verbally","",0.583575458639557,"(4) 65+","(2) Some college / 2-yr degree","(1) Male","(1) < $50,000","(1) White","(3) Central"
"614","spanish_scale",2,"LOW",0,0,100,1,10,0,100,2,"","More common language",1.17504619854726,"(4) 65+","(1) HS or less","(1) Male","(1) < $50,000","(1) White","(3) Central"
"615","current_scale",1,"MARGINAL ",10,15,0,2,50,25,10,NA,"","",3.24345596529646,"(4) 65+","(1) HS or less","(1) Male","(2) ≥ $50,000","(1) White","(1) Eastern"
"616","spanish_scale",4,"HIGH",65,55,45,5,75,55,65,3,"","",0.851245985500946,"(2) 30–49","(3) 4-yr / post-graduate degree","(1) Male","(2) ≥ $50,000","(1) White","(1) Eastern"
"617","current_scale",5,"HIGH",80,85,90,5,100,100,100,NA,"","",0.868228198689766,"(4) 65+","(3) 4-yr / post-graduate degree","(2) Female","(2) ≥ $50,000","(1) White","(1) Eastern"
"618","likert_scale",2,"LOW",0,0,0,2,50,50,50,1,"terms","",1.04195172772436,"(3) 50–64","(3) 4-yr / post-graduate degree","(1) Male","(2) ≥ $50,000","(1) White","(2) Southern"
"619","levels_scale",2,"LEVEL 2 OF 5",25,50,25,3,0,0,0,3,"","",1.0628180689552,"(4) 65+","(3) 4-yr / post-graduate degree","(1) Male","(2) ≥ $50,000","(1) White","(4) Western"
"620","levels_scale",3,"LEVEL 3 OF 5",30,10,50,1,40,10,60,1,"the written scale is better","",1.1112979446561,"(4) 65+","(3) 4-yr / post-graduate degree","(1) Male","(2) ≥ $50,000","(1) White","(2) Southern"
"621","likert_scale",2,"LOW",50,50,50,4,50,50,50,1,"Because it is current. ","",0.450893464418237,"(2) 30–49","(2) Some college / 2-yr degree","(1) Male","(1) < $50,000","(1) White","(3) Central"
"622","spanish_scale",4,"HIGH",80,80,80,5,90,80,80,2,"","word descriptions are more recognizable",0.868228198689766,"(4) 65+","(3) 4-yr / post-graduate degree","(2) Female","(2) ≥ $50,000","(1) White","(1) Eastern"
"623","spanish_scale",1,"MINIMAL",40,45,80,1,20,15,100,2,"","For example, for ""Widespread severe storms likely"", Moderate doesn't seem as attention-getting as High does.",2.62172659633566,"(4) 65+","(1) HS or less","(2) Female","(2) ≥ $50,000","(1) White","(3) Central"
"624","current_scale",3,"ENHANCED",50,60,60,3,50,60,65,NA,"","",0.845668700695561,"(2) 30–49","(3) 4-yr / post-graduate degree","(2) Female","(2) ≥ $50,000","(3) Hispanic","(2) Southern"
"625","spanish_scale",2,"LOW",10,10,10,2,20,20,20,1,"easy to read","",1.1112979446561,"(4) 65+","(3) 4-yr / post-graduate degree","(1) Male","(2) ≥ $50,000","(1) White","(2) Southern"
"626","likert_scale",5,"VERY HIGH",95,45,85,3,89,87,95,2,"","Easy to understand",1.0628180689552,"(4) 65+","(3) 4-yr / post-graduate degree","(1) Male","(2) ≥ $50,000","(1) White","(4) Western"
"627","current_scale",4,"MODERATE",50,80,90,3,75,100,100,NA,"","",0.568949024079294,"(4) 65+","(2) Some college / 2-yr degree","(1) Male","(1) < $50,000","(1) White","(1) Eastern"
"628","spanish_scale",3,"MODERATE",50,50,50,2,30,30,30,2,"","",0.558930787519432,"(4) 65+","(2) Some college / 2-yr degree","(2) Female","(1) < $50,000","(2) Black","(3) Central"
"629","spanish_scale",4,"HIGH",80,90,100,4,80,80,90,2,"","My understanding of the 'experimental scale' is the map with various color-coded grids, whereas the 'current scale' refers to the table like the one above.",2.14772145968194,"(2) 30–49","(3) 4-yr / post-graduate degree","(1) Male","(2) ≥ $50,000","(4) Other","(2) Southern"
"630","levels_scale",3,"LEVEL 3 OF 5",60,40,90,3,80,90,90,1,"I like the word description better because it is more easily interpreted...some may not understand that 5... not 10 is the highest value whereas high is the superlative 


","",0.814049801886174,"(3) 50–64","(3) 4-yr / post-graduate degree","(2) Female","(2) ≥ $50,000","(1) White","(1) Eastern"
"631","current_scale",1,"MARGINAL ",69,86,75,5,66,43,25,NA,"","",0.851245985500946,"(2) 30–49","(3) 4-yr / post-graduate degree","(1) Male","(2) ≥ $50,000","(1) White","(1) Eastern"
"632","spanish_scale",5,"EXTREME",50,50,60,5,50,50,50,2,"","Because I think it’s more easy to understand ",0.873129657279388,"(2) 30–49","(3) 4-yr / post-graduate degree","(1) Male","(2) ≥ $50,000","(1) White","(3) Central"
"633","likert_scale",4,"HIGH",90,70,60,5,40,30,20,2,"","words show degree  of danger.",1.05954378325614,"(3) 50–64","(3) 4-yr / post-graduate degree","(1) Male","(2) ≥ $50,000","(1) White","(3) Central"
"634","likert_scale",5,"VERY HIGH",90,85,70,5,88,80,74,3,"","",0.875762291854918,"(4) 65+","(3) 4-yr / post-graduate degree","(2) Female","(2) ≥ $50,000","(1) White","(2) Southern"
"635","likert_scale",5,"VERY HIGH",95,100,85,5,55,56,45,2,"","Add directly tells you the rate of which hazard is coming",0.285347859603886,"(1) 18–29","(3) 4-yr / post-graduate degree","(2) Female","(1) < $50,000","(3) Hispanic","(4) Western"
"636","spanish_scale",1,"MINIMAL",80,80,85,5,75,90,75,2,"","Just a storm feeling.",1.44417801185608,"(4) 65+","(1) HS or less","(1) Male","(1) < $50,000","(3) Hispanic","(2) Southern"
"637","current_scale",3,"ENHANCED",50,30,50,4,80,80,80,NA,"","",1.26942139826676,"(4) 65+","(2) Some college / 2-yr degree","(2) Female","(2) ≥ $50,000","(1) White","(1) Eastern"
"638","likert_scale",4,"HIGH",40,0,40,3,0,0,0,1,"very clear","",1.43175389655724,"(4) 65+","(1) HS or less","(1) Male","(1) < $50,000","(3) Hispanic","(1) Eastern"
"639","spanish_scale",5,"EXTREME",100,90,50,5,100,100,80,2,"","the words used are more clear - easier to understand",0.432523650826182,"(4) 65+","(2) Some college / 2-yr degree","(2) Female","(1) < $50,000","(1) White","(4) Western"
"640","spanish_scale",1,"MINIMAL",20,10,10,1,30,30,90,2,"","it definitions that is easier to understand",3.06744969227012,"(3) 50–64","(1) HS or less","(1) Male","(2) ≥ $50,000","(1) White","(2) Southern"
"641","likert_scale",1,"VERY LOW",60,60,50,1,0,10,50,2,"","It's more direct ",2.42101953414161,"(2) 30–49","(1) HS or less","(2) Female","(2) ≥ $50,000","(2) Black","(2) Southern"
"642","spanish_scale",3,"MODERATE",25,25,25,1,25,25,25,3,"","",1.13808961097373,"(4) 65+","(1) HS or less","(2) Female","(1) < $50,000","(3) Hispanic","(2) Southern"
"643","levels_scale",5,"LEVEL 5 OF 5",100,100,90,4,100,100,90,2,"","The numeric scale gives a better understanding of risk than a descriptive word like “high”",0.890548446012557,"(4) 65+","(3) 4-yr / post-graduate degree","(2) Female","(2) ≥ $50,000","(1) White","(3) Central"
"644","likert_scale",4,"HIGH",100,100,60,4,100,100,70,2,"","I am more used to the terms of “low, medium, high etc”",2.09500558380728,"(4) 65+","(3) 4-yr / post-graduate degree","(2) Female","(2) ≥ $50,000","(4) Other","(4) Western"
"645","current_scale",1,"MARGINAL ",90,100,100,1,25,10,100,NA,"","",1.14559544616572,"(4) 65+","(1) HS or less","(1) Male","(1) < $50,000","(1) White","(1) Eastern"
"646","spanish_scale",4,"HIGH",60,75,70,3,80,90,85,2,"","Seem to be more understandable than generic terms like enhanced , marginal etc.",0.314543577979082,"(4) 65+","(3) 4-yr / post-graduate degree","(2) Female","(1) < $50,000","(1) White","(3) Central"
"647","likert_scale",1,"VERY LOW",0,0,100,1,0,0,100,2,"","Much clearer as to the relative risk of harm between the levels.",0.996497049715356,"(3) 50–64","(3) 4-yr / post-graduate degree","(1) Male","(2) ≥ $50,000","(1) White","(4) Western"
"648","likert_scale",1,"VERY LOW",0,0,6,2,5,4,7,1,"Na","",0.538307691694516,"(1) 18–29","(2) Some college / 2-yr degree","(1) Male","(1) < $50,000","(2) Black","(2) Southern"
"649","levels_scale",3,"LEVEL 3 OF 5",60,60,100,3,50,50,100,1,"Not everyone understands the number system but the clearly defined words are easy to understand.","",1.65224234162264,"(4) 65+","(2) Some college / 2-yr degree","(1) Male","(2) ≥ $50,000","(1) White","(3) Central"
"650","likert_scale",2,"LOW",0,0,0,1,0,0,0,3,"","",0.925999329723954,"(4) 65+","(1) HS or less","(2) Female","(1) < $50,000","(1) White","(3) Central"
"651","levels_scale",4,"LEVEL 4 OF 5",80,80,80,5,80,90,90,2,"","numbers are better, enhanced opposed to moderate",0.996497049715356,"(3) 50–64","(3) 4-yr / post-graduate degree","(1) Male","(2) ≥ $50,000","(1) White","(4) Western"
"652","likert_scale",5,"VERY HIGH",95,100,90,5,95,100,95,2,"","the terms Marginal and Enhanced do not clearly convey the relative level of severity.  I think the terms Very Low to Very High are easily understandable and more clearly provides relative position of the warning in the scale. ",1.03298792388937,"(3) 50–64","(3) 4-yr / post-graduate degree","(1) Male","(2) ≥ $50,000","(1) White","(1) Eastern"
"653","spanish_scale",2,"LOW",5,5,50,1,5,5,50,2,"","more emphasis",1.10173756243007,"(4) 65+","(3) 4-yr / post-graduate degree","(1) Male","(2) ≥ $50,000","(1) White","(1) Eastern"
"654","spanish_scale",4,"HIGH",85,95,85,3,80,95,90,NA,"","",1.61083139102548,"(4) 65+","(2) Some college / 2-yr degree","(1) Male","(2) ≥ $50,000","(1) White","(1) Eastern"
"655","levels_scale",1,"LEVEL 1 OF 5",60,80,65,4,70,90,75,1,"It breaks down the various degrees of intensity. ","",0.424681794963377,"(2) 30–49","(2) Some college / 2-yr degree","(2) Female","(1) < $50,000","(2) Black","(2) Southern"
"656","likert_scale",5,"VERY HIGH",90,100,85,4,95,95,85,2,"","Better description of conditions",0.573886107394608,"(4) 65+","(2) Some college / 2-yr degree","(1) Male","(1) < $50,000","(1) White","(2) Southern"
"657","likert_scale",3,"MEDIUM",50,10,30,2,60,40,80,2,"","better measure of risk",1.10173756243007,"(4) 65+","(3) 4-yr / post-graduate degree","(1) Male","(2) ≥ $50,000","(1) White","(1) Eastern"
"658","levels_scale",5,"LEVEL 5 OF 5",100,50,0,4,50,50,0,1,"Is easier to understand ","",0.910624569484381,"(4) 65+","(1) HS or less","(2) Female","(1) < $50,000","(1) White","(2) Southern"
"659","likert_scale",5,"VERY HIGH",90,90,80,4,80,90,90,2,"","Language used is more like ‘everyday’ language for most people ",1.2804368652774,"(4) 65+","(2) Some college / 2-yr degree","(2) Female","(2) ≥ $50,000","(1) White","(2) Southern"
"660","likert_scale",5,"VERY HIGH",100,100,100,5,100,100,100,2,"","It’s more clear and understanding and self explanatory ",1.23507933852249,"(1) 18–29","(2) Some college / 2-yr degree","(2) Female","(2) ≥ $50,000","(3) Hispanic","(2) Southern"
"661","spanish_scale",3,"MODERATE",20,20,50,4,20,20,50,2,"","Language easier to understand ",1.07855019982,"(3) 50–64","(2) Some college / 2-yr degree","(2) Female","(1) < $50,000","(4) Other","(3) Central"
"662","levels_scale",3,"LEVEL 3 OF 5",50,90,80,1,75,90,90,2,"","EASIER TO UNDERSTAND",0.459888712640981,"(4) 65+","(2) Some college / 2-yr degree","(2) Female","(1) < $50,000","(1) White","(3) Central"
"663","levels_scale",3,"LEVEL 3 OF 5",50,50,67,5,59,56,50,3,"","",0.912618024615263,"(3) 50–64","(3) 4-yr / post-graduate degree","(1) Male","(1) < $50,000","(4) Other","(1) Eastern"
"664","spanish_scale",4,"HIGH",80,70,90,5,90,80,90,2,"","better descriptions of risk",0.875762291854918,"(4) 65+","(3) 4-yr / post-graduate degree","(2) Female","(2) ≥ $50,000","(1) White","(2) Southern"
"665","current_scale",4,"MODERATE",35,50,65,3,80,80,70,NA,"","",1.0628180689552,"(4) 65+","(3) 4-yr / post-graduate degree","(1) Male","(2) ≥ $50,000","(1) White","(4) Western"
"666","likert_scale",2,"LOW",35,40,30,4,40,50,40,1,"It is a scale that is dependable.","",0.544922034295937,"(4) 65+","(2) Some college / 2-yr degree","(2) Female","(1) < $50,000","(2) Black","(1) Eastern"
"667","likert_scale",2,"LOW",0,0,100,3,0,0,100,1,"na","",0.573886107394608,"(4) 65+","(2) Some college / 2-yr degree","(1) Male","(1) < $50,000","(1) White","(2) Southern"
"668","levels_scale",5,"LEVEL 5 OF 5",100,100,100,5,100,100,100,1,"I believe it causes individual to pay more attention and focus. I believe words have more impact visually than the numbers.","",0.51091829858952,"(3) 50–64","(2) Some college / 2-yr degree","(2) Female","(1) < $50,000","(2) Black","(1) Eastern"
"669","spanish_scale",1,"MINIMAL",20,0,80,2,25,20,80,2,"","It explains better what to expect in terms of severity. ",0.448362298942696,"(4) 65+","(2) Some college / 2-yr degree","(2) Female","(1) < $50,000","(1) White","(1) Eastern"
"670","levels_scale",3,"LEVEL 3 OF 5",60,75,75,5,70,70,80,2,"","Experimental scale gives a comparative value rather than an abstract undefined word.",1.0628180689552,"(4) 65+","(3) 4-yr / post-graduate degree","(1) Male","(2) ≥ $50,000","(1) White","(4) Western"
"671","levels_scale",2,"LEVEL 2 OF 5",6,7,7,4,80,75,80,1,"It’s ok ","",1.2010554087766,"(1) 18–29","(2) Some college / 2-yr degree","(2) Female","(2) ≥ $50,000","(2) Black","(2) Southern"
"672","levels_scale",4,"LEVEL 4 OF 5",50,70,80,5,90,80,70,1,"Better","",0.568949024079294,"(4) 65+","(2) Some college / 2-yr degree","(1) Male","(1) < $50,000","(1) White","(1) Eastern"
"673","levels_scale",2,"LEVEL 2 OF 5",20,15,90,5,65,45,35,2,"","",0.907887135195135,"(2) 30–49","(1) HS or less","(1) Male","(1) < $50,000","(1) White","(3) Central"
"674","likert_scale",4,"HIGH",50,75,85,4,60,75,80,2,"","There are many people who don't know the meaning of some of the words in the current scale.",2.1292448322677,"(2) 30–49","(3) 4-yr / post-graduate degree","(1) Male","(2) ≥ $50,000","(4) Other","(1) Eastern"
"675","likert_scale",1,"VERY LOW",20,30,10,1,2,2,0,2,"","clesarer",1.05954378325614,"(3) 50–64","(3) 4-yr / post-graduate degree","(1) Male","(2) ≥ $50,000","(1) White","(3) Central"
"676","spanish_scale",2,"LOW",55,75,95,2,99,71,45,2,"","None ",0.443428700396499,"(3) 50–64","(3) 4-yr / post-graduate degree","(1) Male","(1) < $50,000","(2) Black","(1) Eastern"
"677","levels_scale",5,"LEVEL 5 OF 5",100,100,70,5,100,100,70,1,"I think looking at the map gives a better idea of where these storms are expected.","",0.902790559720795,"(4) 65+","(1) HS or less","(2) Female","(1) < $50,000","(1) White","(1) Eastern"
"678","likert_scale",5,"VERY HIGH",90,95,80,5,90,100,90,2,"","the words are more clear and definitive",0.868228198689766,"(4) 65+","(3) 4-yr / post-graduate degree","(2) Female","(2) ≥ $50,000","(1) White","(1) Eastern"
"679","likert_scale",3,"MEDIUM",85,100,75,5,50,100,85,2,"","It treats the public like they have a brain. It thankfully enhances their intelligence.",1.26942139826676,"(4) 65+","(2) Some college / 2-yr degree","(2) Female","(2) ≥ $50,000","(1) White","(1) Eastern"
"680","levels_scale",3,"LEVEL 3 OF 5",60,80,70,3,60,80,70,2,"","slight and moderate are very similar in meaning, as are enhanced and high. The scale doesn'nt make a lot of sense.",0.996497049715356,"(3) 50–64","(3) 4-yr / post-graduate degree","(1) Male","(2) ≥ $50,000","(1) White","(4) Western"
"681","current_scale",2,"SLIGHT",33,44,33,1,44,44,33,NA,"","",3.88688223195602,"(4) 65+","(2) Some college / 2-yr degree","(1) Male","(2) ≥ $50,000","(4) Other","(4) Western"
"682","current_scale",3,"ENHANCED",80,80,70,4,100,100,100,NA,"","",0.697478770701939,"(4) 65+","(2) Some college / 2-yr degree","(1) Male","(1) < $50,000","(2) Black","(2) Southern"
"683","likert_scale",2,"LOW",10,0,100,2,0,0,100,2,"","Very low, low, etc. are easier to understand than the  Current Scale wording.",1.04195172772436,"(3) 50–64","(3) 4-yr / post-graduate degree","(1) Male","(2) ≥ $50,000","(1) White","(2) Southern"
"684","levels_scale",5,"LEVEL 5 OF 5",100,100,100,4,100,100,100,1,"The different levels words explains better","",1.54914059793911,"(3) 50–64","(2) Some college / 2-yr degree","(1) Male","(2) ≥ $50,000","(1) White","(3) Central"
"685","likert_scale",5,"VERY HIGH",10,20,95,5,20,30,95,2,"","Words are more in common use and understood naturally by a larger percentage of the population",1.04195172772436,"(3) 50–64","(3) 4-yr / post-graduate degree","(1) Male","(2) ≥ $50,000","(1) White","(2) Southern"
"686","levels_scale",1,"LEVEL 1 OF 5",1,1,1,4,1,2,3,2,"","the wind rates",1.10341058065829,"(2) 30–49","(1) HS or less","(1) Male","(1) < $50,000","(2) Black","(3) Central"
"687","current_scale",3,"ENHANCED",40,30,70,1,50,40,30,NA,"","",0.954414502036498,"(3) 50–64","(3) 4-yr / post-graduate degree","(2) Female","(2) ≥ $50,000","(2) Black","(4) Western"
"688","likert_scale",3,"MEDIUM",50,50,45,3,60,67,59,1,"very high","",1.59371417186433,"(1) 18–29","(2) Some college / 2-yr degree","(1) Male","(2) ≥ $50,000","(3) Hispanic","(3) Central"
"689","spanish_scale",4,"HIGH",0,0,0,5,0,0,0,1,"no reason ","",0.514601701228133,"(3) 50–64","(2) Some college / 2-yr degree","(1) Male","(1) < $50,000","(1) White","(4) Western"
"690","likert_scale",1,"VERY LOW",10,15,30,3,10,20,40,2,"","Cool",6.04030538126925,"(1) 18–29","(1) HS or less","(1) Male","(2) ≥ $50,000","(4) Other","(4) Western"
"691","current_scale",2,"SLIGHT",50,100,100,2,100,100,100,NA,"","",0.452252984982464,"(4) 65+","(2) Some college / 2-yr degree","(2) Female","(1) < $50,000","(1) White","(2) Southern"
"692","current_scale",5,"HIGH",100,100,100,4,100,100,100,NA,"","",1.0628180689552,"(4) 65+","(3) 4-yr / post-graduate degree","(1) Male","(2) ≥ $50,000","(1) White","(4) Western"
"693","spanish_scale",1,"MINIMAL",20,0,10,2,0,0,10,2,"","because its actually better to understand ",2.50602227223506,"(2) 30–49","(1) HS or less","(1) Male","(2) ≥ $50,000","(1) White","(1) Eastern"
"694","spanish_scale",1,"MINIMAL",10,10,100,1,5,5,0,2,"","It seems to be easier to understand",3.32683812154899,"(4) 65+","(1) HS or less","(1) Male","(2) ≥ $50,000","(1) White","(3) Central"
"695","current_scale",4,"MODERATE",20,20,80,2,75,75,80,NA,"","",0.573886107394608,"(4) 65+","(2) Some college / 2-yr degree","(1) Male","(1) < $50,000","(1) White","(2) Southern"
"696","current_scale",2,"SLIGHT",25,25,25,4,25,25,25,NA,"","",0.583575458639557,"(4) 65+","(2) Some college / 2-yr degree","(1) Male","(1) < $50,000","(1) White","(3) Central"
"697","current_scale",5,"HIGH",65,45,55,4,99,95,92,NA,"","",1.05954378325614,"(3) 50–64","(3) 4-yr / post-graduate degree","(1) Male","(2) ≥ $50,000","(1) White","(3) Central"
"698","spanish_scale",2,"LOW",10,5,5,2,50,50,10,1,"definition;  13ABC Toledo gives complete definition each time; very helpful","",0.868228198689766,"(4) 65+","(3) 4-yr / post-graduate degree","(2) Female","(2) ≥ $50,000","(1) White","(1) Eastern"
"699","spanish_scale",1,"MINIMAL",5,5,10,1,10,10,10,2,"","""Extreme"" is needed to show the different gradation of the intensity.",0.300661866537042,"(2) 30–49","(3) 4-yr / post-graduate degree","(1) Male","(1) < $50,000","(1) White","(1) Eastern"
"700","levels_scale",5,"LEVEL 5 OF 5",50,50,50,5,100,100,50,1,"Fewer words to consider","",1.15553640734852,"(4) 65+","(1) HS or less","(1) Male","(1) < $50,000","(1) White","(2) Southern"
"701","levels_scale",4,"LEVEL 4 OF 5",0,5,100,3,25,25,100,1,"Familiar ","",0.54885058268519,"(4) 65+","(2) Some college / 2-yr degree","(1) Male","(1) < $50,000","(1) White","(4) Western"
"702","levels_scale",3,"LEVEL 3 OF 5",70,50,80,3,79,40,80,2,"","People generally dismiss risks with terms like marginal and slight.",0.36485350015957,"(3) 50–64","(3) 4-yr / post-graduate degree","(1) Male","(1) < $50,000","(1) White","(1) Eastern"
"703","spanish_scale",2,"LOW",30,30,80,1,20,20,0,2,"","Wording is more understanding then in other ",0.39251276365486,"(4) 65+","(3) 4-yr / post-graduate degree","(1) Male","(1) < $50,000","(1) White","(2) Southern"
"704","spanish_scale",2,"LOW",2,1,85,2,75,70,85,2,"","it is all about the language  - seems easier to comprehend",1.10173756243007,"(4) 65+","(3) 4-yr / post-graduate degree","(1) Male","(2) ≥ $50,000","(1) White","(1) Eastern"
"705","spanish_scale",2,"LOW",25,100,100,1,30,15,70,2,"","explains it better",2.62172659633566,"(4) 65+","(1) HS or less","(2) Female","(2) ≥ $50,000","(1) White","(3) Central"
"706","current_scale",5,"HIGH",100,100,100,5,100,100,100,NA,"","",1.55392787429883,"(4) 65+","(2) Some college / 2-yr degree","(1) Male","(2) ≥ $50,000","(1) White","(4) Western"
"707","current_scale",1,"MARGINAL ",0,25,100,2,0,10,100,NA,"","",0.30666001983497,"(4) 65+","(3) 4-yr / post-graduate degree","(2) Female","(1) < $50,000","(1) White","(1) Eastern"
"708","spanish_scale",3,"MODERATE",25,25,75,2,50,50,80,2,"","Much more succinct in description",0.890548446012557,"(4) 65+","(3) 4-yr / post-graduate degree","(2) Female","(2) ≥ $50,000","(1) White","(3) Central"
"709","current_scale",1,"MARGINAL ",25,25,75,2,10,10,75,NA,"","",1.13006082458091,"(4) 65+","(3) 4-yr / post-graduate degree","(1) Male","(2) ≥ $50,000","(1) White","(3) Central"
"710","spanish_scale",4,"HIGH",100,100,100,5,100,100,100,2,"","The Experimental scale is more clarified than than the current scale.",1.02874888866198,"(3) 50–64","(1) HS or less","(2) Female","(1) < $50,000","(2) Black","(1) Eastern"
"711","spanish_scale",2,"LOW",30,50,50,2,12,20,20,2,"","because the explanation is easier to understand, simple and to the point",0.432523650826182,"(4) 65+","(2) Some college / 2-yr degree","(2) Female","(1) < $50,000","(1) White","(4) Western"
"712","current_scale",2,"SLIGHT",10,50,40,1,10,25,30,NA,"","",3.04106073721242,"(3) 50–64","(1) HS or less","(1) Male","(2) ≥ $50,000","(1) White","(1) Eastern"
"713","spanish_scale",1,"MINIMAL",40,30,40,1,10,20,20,2,"","relying on the words mentioned in the experimental scale is a more confident definition of assurance...",0.459888712640981,"(4) 65+","(2) Some college / 2-yr degree","(2) Female","(1) < $50,000","(1) White","(3) Central"
"714","levels_scale",4,"LEVEL 4 OF 5",20,30,50,2,90,70,70,1,"Not sure I can completely ","",1.62480946014562,"(4) 65+","(2) Some college / 2-yr degree","(1) Male","(2) ≥ $50,000","(1) White","(2) Southern"
"715","spanish_scale",5,"EXTREME",70,50,100,5,90,80,100,2,"","just more use to the words used they make more sense",1.15033219714135,"(4) 65+","(2) Some college / 2-yr degree","(2) Female","(1) < $50,000","(4) Other","(3) Central"
"716","likert_scale",5,"VERY HIGH",50,10,100,5,40,20,100,1,"EXCEPT FOR THE WORDS USED IT IS THE SAME MEANING TO ME","",3.27160121496295,"(4) 65+","(1) HS or less","(1) Male","(2) ≥ $50,000","(1) White","(2) Southern"
"717","spanish_scale",2,"LOW",10,10,50,2,5,5,75,2,"","much more definitive",1.22457837982803,"(4) 65+","(2) Some college / 2-yr degree","(2) Female","(2) ≥ $50,000","(1) White","(4) Western"
"718","likert_scale",5,"VERY HIGH",85,90,100,5,90,95,100,1,"na","",1.0834296615727,"(3) 50–64","(1) HS or less","(1) Male","(1) < $50,000","(1) White","(2) Southern"
"719","levels_scale",5,"LEVEL 5 OF 5",70,80,30,4,80,80,30,1,"easier to understand for the day to day","",0.907887135195135,"(2) 30–49","(1) HS or less","(1) Male","(1) < $50,000","(1) White","(3) Central"
"720","levels_scale",3,"LEVEL 3 OF 5",75,75,75,2,70,70,70,1,"like the best because it is simple to remember","",0.309321077334542,"(4) 65+","(3) 4-yr / post-graduate degree","(2) Female","(1) < $50,000","(1) White","(2) Southern"
"721","current_scale",2,"SLIGHT",10,10,95,1,50,30,95,NA,"","",0.314543577979082,"(4) 65+","(3) 4-yr / post-graduate degree","(2) Female","(1) < $50,000","(1) White","(3) Central"
"722","likert_scale",4,"HIGH",100,90,50,3,100,100,60,2,"","I think the experimental scale is more helpful than current scale because enhanced and moderate, and high is not clear as other.  I know right away very high means severe storms expected.",1.72109560499498,"(2) 30–49","(3) 4-yr / post-graduate degree","(2) Female","(2) ≥ $50,000","(4) Other","(3) Central"
"723","spanish_scale",4,"HIGH",70,70,70,1,10,10,10,1,"Moderate ","",1.1112979446561,"(4) 65+","(3) 4-yr / post-graduate degree","(1) Male","(2) ≥ $50,000","(1) White","(2) Southern"
"724","levels_scale",2,"LEVEL 2 OF 5",80,100,90,5,100,100,90,1,"Actually both scales are equally understandable.


Either scale would be understood.","",0.448362298942696,"(4) 65+","(2) Some college / 2-yr degree","(2) Female","(1) < $50,000","(1) White","(1) Eastern"
"725","likert_scale",1,"VERY LOW",100,100,100,1,20,20,20,2,"","It give you more information ",0.893197213108943,"(1) 18–29","(1) HS or less","(2) Female","(1) < $50,000","(3) Hispanic","(3) Central"
"726","current_scale",2,"SLIGHT",33,33,33,2,50,50,75,NA,"","",1.0628180689552,"(4) 65+","(3) 4-yr / post-graduate degree","(1) Male","(2) ≥ $50,000","(1) White","(4) Western"
"727","likert_scale",5,"VERY HIGH",77,89,90,5,80,85,80,3,"","",1.0628180689552,"(4) 65+","(3) 4-yr / post-graduate degree","(1) Male","(2) ≥ $50,000","(1) White","(4) Western"
"728","levels_scale",3,"LEVEL 3 OF 5",60,25,75,1,75,65,80,3,"","",0.538074981594484,"(3) 50–64","(2) Some college / 2-yr degree","(1) Male","(1) < $50,000","(1) White","(2) Southern"
"729","current_scale",3,"ENHANCED",80,50,75,3,100,100,100,NA,"","",0.910624569484381,"(4) 65+","(1) HS or less","(2) Female","(1) < $50,000","(1) White","(2) Southern"
"730","likert_scale",3,"MEDIUM",9,100,90,2,100,100,95,3,"","",0.54885058268519,"(4) 65+","(2) Some college / 2-yr degree","(1) Male","(1) < $50,000","(1) White","(4) Western"
"731","spanish_scale",4,"HIGH",75,50,50,4,90,90,80,2,"","The words are more relateable to me",0.309321077334542,"(4) 65+","(3) 4-yr / post-graduate degree","(2) Female","(1) < $50,000","(1) White","(2) Southern"
"732","levels_scale",5,"LEVEL 5 OF 5",100,100,75,5,100,100,75,2,"","With the experimental scale the color-coded map is much more helpful than the current scale where you have to read what the chart says.",0.902790559720795,"(4) 65+","(1) HS or less","(2) Female","(1) < $50,000","(1) White","(1) Eastern"
"733","likert_scale",5,"VERY HIGH",60,10,90,4,60,10,90,3,"","",3.04106073721242,"(3) 50–64","(1) HS or less","(1) Male","(2) ≥ $50,000","(1) White","(1) Eastern"
"734","current_scale",4,"MODERATE",65,75,80,1,65,75,75,NA,"","",0.296122341577223,"(2) 30–49","(3) 4-yr / post-graduate degree","(2) Female","(1) < $50,000","(3) Hispanic","(1) Eastern"
"735","levels_scale",2,"LEVEL 2 OF 5",60,75,90,3,75,90,96,1,"We don't get tornado here.  You should add fire & earthquakes","",0.432523650826182,"(4) 65+","(2) Some college / 2-yr degree","(2) Female","(1) < $50,000","(1) White","(4) Western"
"736","levels_scale",2,"LEVEL 2 OF 5",25,25,25,2,20,20,25,2,"","When you have a visual map it tend to be more helpful than just words",1.26942139826676,"(4) 65+","(2) Some college / 2-yr degree","(2) Female","(2) ≥ $50,000","(1) White","(1) Eastern"
"737","spanish_scale",5,"EXTREME",80,20,0,5,80,20,0,2,"","I just think the words used convey the severity better",0.514601701228133,"(3) 50–64","(2) Some college / 2-yr degree","(1) Male","(1) < $50,000","(1) White","(4) Western"
"738","likert_scale",4,"HIGH",40,60,80,4,80,90,90,2,"","The left scale is partially ambiguous. It is not clear if Enhanced or Moderate indicate a more severe storm",1.10173756243007,"(4) 65+","(3) 4-yr / post-graduate degree","(1) Male","(2) ≥ $50,000","(1) White","(1) Eastern"
"739","likert_scale",5,"VERY HIGH",90,90,80,4,90,99,88,1,"Easy to understand","",0.36485350015957,"(3) 50–64","(3) 4-yr / post-graduate degree","(1) Male","(1) < $50,000","(1) White","(1) Eastern"
"740","likert_scale",4,"HIGH",80,100,75,4,90,100,75,2,"","in this country now with some people speaking limited English, the more simple words are easier for them to understand",1.15553640734852,"(4) 65+","(1) HS or less","(1) Male","(1) < $50,000","(1) White","(2) Southern"
"741","levels_scale",1,"LEVEL 1 OF 5",25,25,50,4,25,25,50,1,"It is something that I can understand more easily.","",0.925999329723954,"(4) 65+","(1) HS or less","(2) Female","(1) < $50,000","(1) White","(3) Central"
"742","likert_scale",4,"HIGH",60,40,60,5,50,30,75,2,"","Terms are what I am used to hearing from reporting agencies.",0.39251276365486,"(4) 65+","(3) 4-yr / post-graduate degree","(1) Male","(1) < $50,000","(1) White","(2) Southern"
"743","likert_scale",2,"LOW",0,0,0,3,100,0,0,1,"Easy to use ","",1.10172202029145,"(3) 50–64","(1) HS or less","(1) Male","(1) < $50,000","(1) White","(3) Central"
"744","levels_scale",2,"LEVEL 2 OF 5",50,25,25,5,25,25,50,1,"yes i think it very helpful","",0.821175246599086,"(2) 30–49","(3) 4-yr / post-graduate degree","(1) Male","(2) ≥ $50,000","(1) White","(4) Western"
"745","likert_scale",5,"VERY HIGH",80,90,90,4,95,100,100,2,"","low and medium I understand better than marginal or slight ",1.65224234162264,"(4) 65+","(2) Some college / 2-yr degree","(1) Male","(2) ≥ $50,000","(1) White","(3) Central"
"746","levels_scale",1,"LEVEL 1 OF 5",10,0,0,2,0,0,0,3,"","",0.538074981594484,"(3) 50–64","(2) Some college / 2-yr degree","(1) Male","(1) < $50,000","(1) White","(2) Southern"
"747","current_scale",3,"ENHANCED",35,10,50,1,70,50,75,NA,"","",0.448362298942696,"(4) 65+","(2) Some college / 2-yr degree","(2) Female","(1) < $50,000","(1) White","(1) Eastern"
"748","levels_scale",2,"LEVEL 2 OF 5",20,20,30,1,50,40,30,1,"It’s very hard for you and I can get a new car for tomorrow at dinner ","",0.851245985500946,"(2) 30–49","(3) 4-yr / post-graduate degree","(1) Male","(2) ≥ $50,000","(1) White","(1) Eastern"
"749","likert_scale",2,"LOW",40,30,30,2,0,0,0,3,"","",0.534263566658439,"(2) 30–49","(2) Some college / 2-yr degree","(1) Male","(1) < $50,000","(2) Black","(1) Eastern"
"750","spanish_scale",4,"HIGH",75,10,1,2,75,85,15,2,"","its winds percent is update",1.10341058065829,"(2) 30–49","(1) HS or less","(1) Male","(1) < $50,000","(2) Black","(3) Central"
"751","spanish_scale",3,"MODERATE",70,100,100,4,70,100,100,2,"","Terms are more on point for me ",0.514601701228133,"(3) 50–64","(2) Some college / 2-yr degree","(1) Male","(1) < $50,000","(1) White","(4) Western"
"752","spanish_scale",1,"MINIMAL",0,0,30,1,0,0,0,2,"","In either case need better statistical information on likelihood of severe weather affecting any individual location.  But the experimental scale emphasizes the threat more",1.04195172772436,"(3) 50–64","(3) 4-yr / post-graduate degree","(1) Male","(2) ≥ $50,000","(1) White","(2) Southern"
"753","current_scale",3,"ENHANCED",50,50,50,4,50,50,50,NA,"","",0.873129657279388,"(2) 30–49","(3) 4-yr / post-graduate degree","(1) Male","(2) ≥ $50,000","(1) White","(3) Central"
"754","spanish_scale",1,"MINIMAL",10,10,25,1,10,0,50,2,"","Simple to understand ",1.14559544616572,"(4) 65+","(1) HS or less","(1) Male","(1) < $50,000","(1) White","(1) Eastern"
"755","current_scale",4,"MODERATE",60,60,85,3,85,85,90,NA,"","",0.54715970663942,"(3) 50–64","(2) Some college / 2-yr degree","(1) Male","(1) < $50,000","(1) White","(3) Central"
"756","likert_scale",5,"VERY HIGH",60,100,80,3,65,100,80,1,"Because it's easier to understand ","",0.697531668082035,"(2) 30–49","(1) HS or less","(2) Female","(1) < $50,000","(1) White","(1) Eastern"
"757","current_scale",2,"SLIGHT",15,15,15,1,15,15,15,NA,"","",0.533445977721088,"(3) 50–64","(2) Some college / 2-yr degree","(1) Male","(1) < $50,000","(1) White","(1) Eastern"
"758","levels_scale",4,"LEVEL 4 OF 5",80,90,75,5,85,95,90,1,"No","",3.2027917016637,"(4) 65+","(2) Some college / 2-yr degree","(2) Female","(2) ≥ $50,000","(4) Other","(2) Southern"
"759","levels_scale",4,"LEVEL 4 OF 5",100,90,90,3,100,100,100,2,"","able to grasp severity",1.61083139102548,"(4) 65+","(2) Some college / 2-yr degree","(1) Male","(2) ≥ $50,000","(1) White","(1) Eastern"
"760","current_scale",4,"MODERATE",40,25,25,1,75,75,50,NA,"","",0.717237200263306,"(4) 65+","(2) Some college / 2-yr degree","(1) Male","(1) < $50,000","(3) Hispanic","(2) Southern"
"761","likert_scale",1,"VERY LOW",0,0,75,1,0,0,75,2,"","It is clearer as to what it is saying, medium is a lot clearer than enhanced, high is a lot clearer than moderate.",0.309321077334542,"(4) 65+","(3) 4-yr / post-graduate degree","(2) Female","(1) < $50,000","(1) White","(2) Southern"
"762","spanish_scale",1,"MINIMAL",25,15,50,2,20,20,75,1,"I understand it well and it explains it just fine ","",0.858632714670656,"(2) 30–49","(3) 4-yr / post-graduate degree","(1) Male","(2) ≥ $50,000","(1) White","(2) Southern"
"763","likert_scale",2,"LOW",10,10,10,2,20,20,20,1,"The current scale gives more assurance of the prediction than the experimental scale in my opinion. ","",0.547998313999482,"(2) 30–49","(2) Some college / 2-yr degree","(1) Male","(1) < $50,000","(2) Black","(3) Central"
"764","levels_scale",3,"LEVEL 3 OF 5",80,60,60,4,60,50,50,2,"","Because im confused really dont understand ",0.525672359707997,"(4) 65+","(2) Some college / 2-yr degree","(2) Female","(1) < $50,000","(2) Black","(4) Western"
"765","current_scale",3,"ENHANCED",30,45,65,1,20,30,60,NA,"","",2.1292448322677,"(2) 30–49","(3) 4-yr / post-graduate degree","(1) Male","(2) ≥ $50,000","(4) Other","(1) Eastern"
"766","levels_scale",4,"LEVEL 4 OF 5",80,30,80,5,80,50,80,1,"Easier for the majority of people to understand.","",1.52341955851049,"(3) 50–64","(2) Some college / 2-yr degree","(1) Male","(2) ≥ $50,000","(1) White","(2) Southern"
"767","current_scale",3,"ENHANCED",60,50,40,3,50,30,40,NA,"","",0.452252984982464,"(4) 65+","(2) Some college / 2-yr degree","(2) Female","(1) < $50,000","(1) White","(2) Southern"
"768","current_scale",1,"MARGINAL ",100,100,100,1,20,100,100,NA,"","",0.875762291854918,"(4) 65+","(3) 4-yr / post-graduate degree","(2) Female","(2) ≥ $50,000","(1) White","(2) Southern"
"769","likert_scale",1,"VERY LOW",10,2,50,1,30,30,70,1,"Better describes the level ","",0.374233085356684,"(3) 50–64","(3) 4-yr / post-graduate degree","(1) Male","(1) < $50,000","(1) White","(3) Central"
"770","current_scale",3,"ENHANCED",75,75,75,2,60,60,60,NA,"","",0.36485350015957,"(3) 50–64","(3) 4-yr / post-graduate degree","(1) Male","(1) < $50,000","(1) White","(1) Eastern"
"771","likert_scale",3,"MEDIUM",60,70,80,1,70,30,40,2,"","It can tell it expertIal only",1.48371964853174,"(3) 50–64","(2) Some college / 2-yr degree","(2) Female","(2) ≥ $50,000","(2) Black","(3) Central"
"772","levels_scale",3,"LEVEL 3 OF 5",75,80,50,5,75,75,75,2,"","just makes more sense to me",0.459888712640981,"(4) 65+","(2) Some college / 2-yr degree","(2) Female","(1) < $50,000","(1) White","(3) Central"
"773","likert_scale",1,"VERY LOW",0,0,0,2,0,0,0,2,"","The wording is clearer",2.55601699198458,"(4) 65+","(1) HS or less","(2) Female","(2) ≥ $50,000","(1) White","(1) Eastern"
"774","spanish_scale",4,"HIGH",50,50,50,3,50,50,50,1,"Trials","",1.23507933852249,"(1) 18–29","(2) Some college / 2-yr degree","(2) Female","(2) ≥ $50,000","(3) Hispanic","(2) Southern"
"775","levels_scale",1,"LEVEL 1 OF 5",65,30,50,1,20,20,20,2,"","I think of this like the Likert scale which I understand from teaching school.  ",0.890548446012557,"(4) 65+","(3) 4-yr / post-graduate degree","(2) Female","(2) ≥ $50,000","(1) White","(3) Central"
"776","spanish_scale",1,"MINIMAL",10,15,100,1,10,15,10,1,"Better explanation ","",1.07410902732743,"(3) 50–64","(1) HS or less","(1) Male","(1) < $50,000","(1) White","(1) Eastern"
"777","spanish_scale",1,"MINIMAL",30,50,90,1,50,50,90,3,"","",1.07575526648739,"(2) 30–49","(1) HS or less","(1) Male","(1) < $50,000","(2) Black","(1) Eastern"
"778","levels_scale",4,"LEVEL 4 OF 5",95,100,95,3,3,2,100,1,"More direct and understandable wording. Paints a better picture.","",0.39251276365486,"(4) 65+","(3) 4-yr / post-graduate degree","(1) Male","(1) < $50,000","(1) White","(2) Southern"
"779","spanish_scale",2,"LOW",10,5,100,2,40,0,35,1,"Because it gives detail about the Meanings ","",2.75580625492045,"(4) 65+","(3) 4-yr / post-graduate degree","(1) Male","(2) ≥ $50,000","(4) Other","(1) Eastern"
"780","current_scale",4,"MODERATE",60,80,85,3,60,85,40,NA,"","",1.07410902732743,"(3) 50–64","(1) HS or less","(1) Male","(1) < $50,000","(1) White","(1) Eastern"
"781","levels_scale",1,"LEVEL 1 OF 5",85,70,90,3,70,60,90,2,"","The numbers are more comprehensible.",0.837557553641532,"(4) 65+","(3) 4-yr / post-graduate degree","(2) Female","(2) ≥ $50,000","(1) White","(4) Western"
"782","current_scale",3,"ENHANCED",60,90,90,5,50,70,90,NA,"","",0.996497049715356,"(3) 50–64","(3) 4-yr / post-graduate degree","(1) Male","(2) ≥ $50,000","(1) White","(4) Western"
"783","levels_scale",5,"LEVEL 5 OF 5",100,100,65,1,100,100,100,1,"no i cannot","",1.22457837982803,"(4) 65+","(2) Some college / 2-yr degree","(2) Female","(2) ≥ $50,000","(1) White","(4) Western"
"784","current_scale",1,"MARGINAL ",25,25,50,1,10,5,50,NA,"","",0.424063652799602,"(2) 30–49","(2) Some college / 2-yr degree","(1) Male","(1) < $50,000","(1) White","(4) Western"
"785","likert_scale",2,"LOW",15,25,75,2,10,20,80,2,"","the words explain themselves better for most people",1.37694074576876,"(4) 65+","(3) 4-yr / post-graduate degree","(1) Male","(2) ≥ $50,000","(3) Hispanic","(1) Eastern"
"786","levels_scale",5,"LEVEL 5 OF 5",90,100,100,4,100,100,100,3,"","",1.10173756243007,"(4) 65+","(3) 4-yr / post-graduate degree","(1) Male","(2) ≥ $50,000","(1) White","(1) Eastern"
"787","likert_scale",3,"MEDIUM",70,60,50,2,60,70,50,2,"","Easier to interpret",1.10172202029145,"(3) 50–64","(1) HS or less","(1) Male","(1) < $50,000","(1) White","(3) Central"
"788","levels_scale",3,"LEVEL 3 OF 5",75,50,50,5,50,50,50,2,"","It is broken down in sections and just makes more sense to me ",2.5781969559369,"(4) 65+","(1) HS or less","(2) Female","(2) ≥ $50,000","(1) White","(2) Southern"
"789","current_scale",3,"ENHANCED",30,30,50,3,30,30,50,NA,"","",0.858632714670656,"(2) 30–49","(3) 4-yr / post-graduate degree","(1) Male","(2) ≥ $50,000","(1) White","(2) Southern"
"790","spanish_scale",4,"HIGH",100,100,100,4,100,100,100,1,"Easier to understand and used to using it ","",1.05954378325614,"(3) 50–64","(3) 4-yr / post-graduate degree","(1) Male","(2) ≥ $50,000","(1) White","(3) Central"
"791","likert_scale",4,"HIGH",50,100,100,4,100,100,100,1,"I think this scale is better because I can understand it.","",0.845668700695561,"(2) 30–49","(3) 4-yr / post-graduate degree","(2) Female","(2) ≥ $50,000","(3) Hispanic","(2) Southern"
"792","likert_scale",2,"LOW",15,25,40,1,15,25,40,3,"","",2.65026580270081,"(3) 50–64","(3) 4-yr / post-graduate degree","(1) Male","(2) ≥ $50,000","(4) Other","(3) Central"
"793","levels_scale",5,"LEVEL 5 OF 5",70,80,70,5,100,100,100,1,"no","",0.88037928422439,"(3) 50–64","(3) 4-yr / post-graduate degree","(1) Male","(1) < $50,000","(4) Other","(4) Western"
"794","levels_scale",1,"LEVEL 1 OF 5",10,10,50,2,10,10,50,2,"","The words are open to interpretation or can be misunderstood, the numbers are more easily understood",0.368019534464816,"(3) 50–64","(3) 4-yr / post-graduate degree","(1) Male","(1) < $50,000","(1) White","(2) Southern"
"795","levels_scale",4,"LEVEL 4 OF 5",30,35,35,2,30,35,30,2,"","It’s quite amazing and awesome and more expansiate",0.821175246599086,"(2) 30–49","(3) 4-yr / post-graduate degree","(1) Male","(2) ≥ $50,000","(1) White","(4) Western"
"796","levels_scale",5,"LEVEL 5 OF 5",100,100,100,5,85,100,90,1,"Experimental seems like it ain’t as accurate as current ","",0.436712333646776,"(2) 30–49","(2) Some college / 2-yr degree","(2) Female","(1) < $50,000","(3) Hispanic","(2) Southern"
"797","likert_scale",4,"HIGH",50,50,50,3,50,50,50,1,"Because it’s good interesting and great ","",1.0731107033079,"(2) 30–49","(3) 4-yr / post-graduate degree","(1) Male","(2) ≥ $50,000","(3) Hispanic","(2) Southern"
"798","spanish_scale",2,"LOW",65,45,55,3,65,35,45,2,"","Vertigo was good morning baby baby I’m just feeling better I hope you’re having good baby baby love ya ",0.851245985500946,"(2) 30–49","(3) 4-yr / post-graduate degree","(1) Male","(2) ≥ $50,000","(1) White","(1) Eastern"
"799","current_scale",4,"MODERATE",85,60,75,3,70,85,80,NA,"","",1.25401297741888,"(1) 18–29","(2) Some college / 2-yr degree","(1) Male","(2) ≥ $50,000","(1) White","(2) Southern"
"800","likert_scale",3,"MEDIUM",75,100,75,3,50,50,25,2,"","Easier to interpret at a glance",0.439592502985867,"(2) 30–49","(2) Some college / 2-yr degree","(1) Male","(1) < $50,000","(1) White","(1) Eastern"
"801","current_scale",1,"MARGINAL ",80,70,70,5,89,67,89,NA,"","",0.533445977721088,"(3) 50–64","(2) Some college / 2-yr degree","(1) Male","(1) < $50,000","(1) White","(1) Eastern"
"802","spanish_scale",2,"LOW",40,60,30,1,0,0,0,2,"","It tells if it’s low or not",1.25593211291818,"(1) 18–29","(2) Some college / 2-yr degree","(2) Female","(2) ≥ $50,000","(3) Hispanic","(3) Central"
"803","levels_scale",4,"LEVEL 4 OF 5",80,80,80,5,80,80,80,1,"The colors make it easier to understand.","",0.36485350015957,"(3) 50–64","(3) 4-yr / post-graduate degree","(1) Male","(1) < $50,000","(1) White","(1) Eastern"
"804","spanish_scale",4,"HIGH",50,30,30,1,30,30,28,NA,"","",1.25731325338373,"(2) 30–49","(2) Some college / 2-yr degree","(2) Female","(2) ≥ $50,000","(3) Hispanic","(3) Central"
"805","levels_scale",3,"LEVEL 3 OF 5",50,60,100,5,60,50,100,3,"","",0.515351817412294,"(3) 50–64","(2) Some college / 2-yr degree","(2) Female","(1) < $50,000","(2) Black","(2) Southern"
"806","levels_scale",3,"LEVEL 3 OF 5",70,100,90,5,80,100,90,2,"","I wasn't certain about the seriousness between ""enhanced"" and ""moderate"".",2.49256528619961,"(3) 50–64","(3) 4-yr / post-graduate degree","(1) Male","(2) ≥ $50,000","(4) Other","(4) Western"
"807","likert_scale",3,"MEDIUM",50,30,60,1,30,60,80,1,"50","",1.2010554087766,"(1) 18–29","(2) Some college / 2-yr degree","(2) Female","(2) ≥ $50,000","(2) Black","(2) Southern"
"808","spanish_scale",1,"MINIMAL",30,10,100,3,65,25,100,2,"","the wording is easier! ",0.450893464418237,"(2) 30–49","(2) Some college / 2-yr degree","(1) Male","(1) < $50,000","(1) White","(3) Central"
"809","spanish_scale",5,"EXTREME",70,90,100,2,70,80,100,2,"","It is more helpful because it is better to experiment the situation well before bringing the news out",1.0731107033079,"(2) 30–49","(3) 4-yr / post-graduate degree","(1) Male","(2) ≥ $50,000","(3) Hispanic","(2) Southern"
"810","current_scale",1,"MARGINAL ",30,50,75,2,50,50,85,NA,"","",1.29498946254573,"(3) 50–64","(1) HS or less","(1) Male","(1) < $50,000","(3) Hispanic","(4) Western"
"811","levels_scale",5,"LEVEL 5 OF 5",30,20,60,5,30,30,30,1,"Current scale is basically the system everyone typically uses","",2.52885592269131,"(1) 18–29","(1) HS or less","(2) Female","(2) ≥ $50,000","(3) Hispanic","(3) Central"
"812","spanish_scale",5,"EXTREME",100,100,100,3,50,50,50,3,"","",1.05789165731214,"(3) 50–64","(1) HS or less","(2) Female","(1) < $50,000","(3) Hispanic","(1) Eastern"
"813","current_scale",1,"MARGINAL ",99,100,99,2,98,99,100,NA,"","",2.40019175142646,"(2) 30–49","(1) HS or less","(2) Female","(2) ≥ $50,000","(2) Black","(1) Eastern"
"814","spanish_scale",3,"MODERATE",10,0,75,1,20,0,70,2,"","More in detail.",0.351964846905867,"(3) 50–64","(3) 4-yr / post-graduate degree","(1) Male","(1) < $50,000","(1) White","(4) Western"
"815","current_scale",5,"HIGH",90,80,50,3,100,100,100,NA,"","",0.702811656197247,"(1) 18–29","(1) HS or less","(2) Female","(1) < $50,000","(1) White","(2) Southern"
"816","likert_scale",1,"VERY LOW",50,50,50,5,50,50,50,1,"yes","",1.0731107033079,"(2) 30–49","(3) 4-yr / post-graduate degree","(1) Male","(2) ≥ $50,000","(3) Hispanic","(2) Southern"
"817","spanish_scale",5,"EXTREME",100,100,100,5,100,100,100,2,"","Mo",1.18249851243949,"(2) 30–49","(2) Some college / 2-yr degree","(2) Female","(2) ≥ $50,000","(3) Hispanic","(4) Western"
"818","spanish_scale",4,"HIGH",0,0,0,2,89,100,100,2,"","Easier to read",2.46547398104523,"(1) 18–29","(1) HS or less","(2) Female","(2) ≥ $50,000","(3) Hispanic","(1) Eastern"
"819","current_scale",1,"MARGINAL ",100,100,100,1,30,15,70,NA,"","",0.417660953452964,"(2) 30–49","(2) Some college / 2-yr degree","(2) Female","(1) < $50,000","(3) Hispanic","(4) Western"
"820","levels_scale",4,"LEVEL 4 OF 5",70,65,87,2,66,70,59,2,"","it just is because it is better.",1.2010554087766,"(1) 18–29","(2) Some college / 2-yr degree","(2) Female","(2) ≥ $50,000","(2) Black","(2) Southern"
"821","spanish_scale",3,"MODERATE",8,7,8,5,70,50,60,2,"","It’s easier to understand in my opinion ",0.893197213108943,"(1) 18–29","(1) HS or less","(2) Female","(1) < $50,000","(3) Hispanic","(3) Central"
"822","current_scale",3,"ENHANCED",50,20,50,1,35,10,100,NA,"","",0.298363849046663,"(1) 18–29","(3) 4-yr / post-graduate degree","(2) Female","(1) < $50,000","(3) Hispanic","(2) Southern"
"823","likert_scale",4,"HIGH",25,25,50,3,50,50,50,3,"","",0.352477893262476,"(3) 50–64","(3) 4-yr / post-graduate degree","(2) Female","(1) < $50,000","(2) Black","(2) Southern"
"824","current_scale",2,"SLIGHT",0,0,0,1,10,0,90,NA,"","",0.885132319901853,"(2) 30–49","(1) HS or less","(1) Male","(1) < $50,000","(1) White","(1) Eastern"
"825","spanish_scale",4,"HIGH",0,0,0,2,0,0,0,1,"The current scale is definite","",2.5704466217288,"(2) 30–49","(1) HS or less","(1) Male","(2) ≥ $50,000","(1) White","(3) Central"
"826","likert_scale",4,"HIGH",75,80,80,4,90,100,90,2,"","I think the experiment to scale well be more helpful because it's a layman's terms.",1.09956473361276,"(2) 30–49","(2) Some college / 2-yr degree","(1) Male","(1) < $50,000","(4) Other","(1) Eastern"
"827","levels_scale",1,"LEVEL 1 OF 5",5,80,100,5,30,40,100,1,"is more easy to understand ","",1.04195172772436,"(3) 50–64","(3) 4-yr / post-graduate degree","(1) Male","(2) ≥ $50,000","(1) White","(2) Southern"
"828","levels_scale",3,"LEVEL 3 OF 5",8,8,8,5,8,8,8,1,"it’s goid ","",0.432955342236359,"(2) 30–49","(2) Some college / 2-yr degree","(2) Female","(1) < $50,000","(3) Hispanic","(1) Eastern"
"829","levels_scale",1,"LEVEL 1 OF 5",20,10,40,1,10,5,50,1,"The words are clearer than just the numbers","",2.14772145968194,"(2) 30–49","(3) 4-yr / post-graduate degree","(1) Male","(2) ≥ $50,000","(4) Other","(2) Southern"
"830","likert_scale",3,"MEDIUM",50,10,20,2,60,10,30,2,"","It is brief and to the point of how strong the storm will be",1.05954378325614,"(3) 50–64","(3) 4-yr / post-graduate degree","(1) Male","(2) ≥ $50,000","(1) White","(3) Central"
"831","spanish_scale",2,"LOW",0,80,100,NA,0,80,80,3,"","",0.50683201864751,"(3) 50–64","(2) Some college / 2-yr degree","(2) Female","(1) < $50,000","(3) Hispanic","(4) Western"
"832","levels_scale",4,"LEVEL 4 OF 5",60,89,67,3,2,33,6,1,"","",2.3809952273679,"(2) 30–49","(1) HS or less","(2) Female","(2) ≥ $50,000","(3) Hispanic","(4) Western"
"833","current_scale",4,"MODERATE",60,70,100,2,70,90,100,NA,"","",1.43496322352499,"(3) 50–64","(2) Some college / 2-yr degree","(2) Female","(2) ≥ $50,000","(3) Hispanic","(4) Western"
"834","likert_scale",2,"LOW",50,60,50,4,50,50,50,2,"","Slight ",1.14865990385609,"(1) 18–29","(2) Some college / 2-yr degree","(2) Female","(2) ≥ $50,000","(2) Black","(4) Western"
"835","likert_scale",4,"HIGH",85,70,67,5,80,85,75,2,"","Words are more well known and seem in better place",2.48686825353889,"(1) 18–29","(1) HS or less","(2) Female","(2) ≥ $50,000","(3) Hispanic","(2) Southern"
"836","spanish_scale",3,"MODERATE",40,50,44,2,30,20,50,2,"","I just feel the words they use on the experimental scale explains it better.",1.97487975130846,"(2) 30–49","(1) HS or less","(2) Female","(2) ≥ $50,000","(1) White","(1) Eastern"
"837","current_scale",3,"ENHANCED",40,50,70,5,100,100,80,NA,"","",1.18119955488728,"(1) 18–29","(2) Some college / 2-yr degree","(2) Female","(2) ≥ $50,000","(3) Hispanic","(4) Western"
"838","current_scale",3,"ENHANCED",7,50,45,2,75,50,50,NA,"","",1.05789165731214,"(3) 50–64","(1) HS or less","(2) Female","(1) < $50,000","(3) Hispanic","(1) Eastern"
"839","levels_scale",4,"LEVEL 4 OF 5",75,100,100,4,50,50,100,2,"","It allows more room and options ",0.405533698165393,"(3) 50–64","(2) Some college / 2-yr degree","(2) Female","(1) < $50,000","(1) White","(4) Western"
"840","levels_scale",5,"LEVEL 5 OF 5",58,46,5,5,47,46,57,2,"","easier ",0.822372243890461,"(2) 30–49","(3) 4-yr / post-graduate degree","(2) Female","(2) ≥ $50,000","(2) Black","(2) Southern"
"841","spanish_scale",3,"MODERATE",55,75,55,4,23,45,34,2,"","Cause it's more specific on the risk ",0.85510917461689,"(2) 30–49","(1) HS or less","(2) Female","(1) < $50,000","(2) Black","(2) Southern"
"842","likert_scale",3,"MEDIUM",60,70,50,5,60,70,60,1,"The overall quality and service ","",0.821175246599086,"(2) 30–49","(3) 4-yr / post-graduate degree","(1) Male","(2) ≥ $50,000","(1) White","(4) Western"
"843","spanish_scale",5,"EXTREME",100,80,90,1,100,60,90,2,"","Because experimental scale shows all proof about the weather forecast ",0.821175246599086,"(2) 30–49","(3) 4-yr / post-graduate degree","(1) Male","(2) ≥ $50,000","(1) White","(4) Western"
"844","spanish_scale",5,"EXTREME",45,15,25,3,6,32,85,1,"Current scale ","",2.48686825353889,"(1) 18–29","(1) HS or less","(2) Female","(2) ≥ $50,000","(3) Hispanic","(2) Southern"
"845","current_scale",4,"MODERATE",75,75,75,5,0,0,0,NA,"","",1.0834296615727,"(3) 50–64","(1) HS or less","(1) Male","(1) < $50,000","(1) White","(2) Southern"
"846","likert_scale",4,"HIGH",0,0,0,3,0,0,0,1,"No","",1.96427492567323,"(3) 50–64","(3) 4-yr / post-graduate degree","(2) Female","(2) ≥ $50,000","(4) Other","(4) Western"
"847","levels_scale",4,"LEVEL 4 OF 5",90,80,100,4,70,70,80,1,"It is more meaningful ","",0.912618024615263,"(3) 50–64","(3) 4-yr / post-graduate degree","(1) Male","(1) < $50,000","(4) Other","(1) Eastern"
"848","current_scale",1,"MARGINAL ",23,69,90,3,54,90,21,NA,"","",0.646419206291157,"(1) 18–29","(3) 4-yr / post-graduate degree","(2) Female","(2) ≥ $50,000","(1) White","(4) Western"
"849","current_scale",4,"MODERATE",60,50,80,1,30,50,90,NA,"","",0.847752758100835,"(2) 30–49","(1) HS or less","(2) Female","(1) < $50,000","(2) Black","(1) Eastern"
"850","levels_scale",5,"LEVEL 5 OF 5",4,1,8,2,4,2,1,2,"","I do not have an answer to the following question.",0.846821513929312,"(1) 18–29","(1) HS or less","(2) Female","(1) < $50,000","(2) Black","(1) Eastern"
"851","likert_scale",3,"MEDIUM",60,70,50,NA,50,60,60,2,"","good ",1.69251952353705,"(2) 30–49","(3) 4-yr / post-graduate degree","(2) Female","(2) ≥ $50,000","(4) Other","(2) Southern"
"852","levels_scale",1,"LEVEL 1 OF 5",45,32,50,5,45,32,50,2,"","Because I can understand it better",1.23643754732617,"(2) 30–49","(2) Some college / 2-yr degree","(2) Female","(2) ≥ $50,000","(3) Hispanic","(2) Southern"
"853","levels_scale",4,"LEVEL 4 OF 5",90,100,90,5,95,100,95,3,"","",1.03298792388937,"(3) 50–64","(3) 4-yr / post-graduate degree","(1) Male","(2) ≥ $50,000","(1) White","(1) Eastern"
"854","likert_scale",3,"MEDIUM",30,30,40,5,30,30,40,2,"","it gives a better picture",0.954414502036498,"(3) 50–64","(3) 4-yr / post-graduate degree","(2) Female","(2) ≥ $50,000","(2) Black","(4) Western"
"855","current_scale",5,"HIGH",100,100,100,3,100,100,100,NA,"","",0.529950889113667,"(3) 50–64","(2) Some college / 2-yr degree","(2) Female","(1) < $50,000","(3) Hispanic","(2) Southern"
"856","spanish_scale",5,"EXTREME",1,3,10,3,9,7,28,2,"","Don't know",1.22580060193461,"(2) 30–49","(2) Some college / 2-yr degree","(2) Female","(2) ≥ $50,000","(3) Hispanic","(1) Eastern"
"857","levels_scale",3,"LEVEL 3 OF 5",0,0,0,2,0,0,0,3,"","",0.871768203244107,"(2) 30–49","(1) HS or less","(2) Female","(1) < $50,000","(3) Hispanic","(1) Eastern"
"858","spanish_scale",2,"LOW",10,10,90,2,20,20,80,2,"","I  think ""high"" is a better definition than ""moderate"" for the 4th line.  I also think the other definitions are clearer in describing each level of severity.",1.45696106176616,"(3) 50–64","(2) Some college / 2-yr degree","(1) Male","(2) ≥ $50,000","(1) White","(4) Western"
"859","likert_scale",1,"VERY LOW",65,35,45,5,65,55,45,1,"Very well now you have a lot of people in the world to see you live on the beach with you no matter how ","",0.851245985500946,"(2) 30–49","(3) 4-yr / post-graduate degree","(1) Male","(2) ≥ $50,000","(1) White","(1) Eastern"
"860","likert_scale",3,"MEDIUM",65,65,65,3,65,66,65,2,"","It explains the weather conditions more plainly.",0.352477893262476,"(3) 50–64","(3) 4-yr / post-graduate degree","(2) Female","(1) < $50,000","(2) Black","(2) Southern"
"861","spanish_scale",3,"MODERATE",70,45,60,3,80,70,65,1,"To watch the weather closely ","",0.431852017461735,"(2) 30–49","(2) Some college / 2-yr degree","(2) Female","(1) < $50,000","(2) Black","(3) Central"
"862","spanish_scale",1,"MINIMAL",30,20,20,1,10,10,10,2,"","Puts in more plain English and easier to understand ",0.308391225283701,"(2) 30–49","(3) 4-yr / post-graduate degree","(1) Male","(1) < $50,000","(1) White","(3) Central"
"863","levels_scale",2,"LEVEL 2 OF 5",20,10,40,1,45,30,50,3,"","",1.19930722225671,"(1) 18–29","(2) Some college / 2-yr degree","(1) Male","(2) ≥ $50,000","(1) White","(4) Western"
"864","levels_scale",1,"LEVEL 1 OF 5",50,20,30,1,60,40,20,1,"Because current scale is in the moment ","",0.298691957852175,"(2) 30–49","(3) 4-yr / post-graduate degree","(2) Female","(1) < $50,000","(3) Hispanic","(2) Southern"
"865","likert_scale",1,"VERY LOW",10,10,10,2,10,10,10,3,"","",0.847752758100835,"(2) 30–49","(1) HS or less","(2) Female","(1) < $50,000","(2) Black","(1) Eastern"
"866","levels_scale",3,"LEVEL 3 OF 5",34,67,98,NA,45,65,56,2,"","Numbers ",0.837472536447166,"(1) 18–29","(3) 4-yr / post-graduate degree","(2) Female","(2) ≥ $50,000","(3) Hispanic","(1) Eastern"
"867","likert_scale",2,"LOW",70,60,80,3,50,50,50,1,"Easy to understand ","",1.69251952353705,"(2) 30–49","(3) 4-yr / post-graduate degree","(2) Female","(2) ≥ $50,000","(4) Other","(2) Southern"
"868","likert_scale",2,"LOW",6,57,46,2,64,56,56,2,"","Not sure",0.946157656148744,"(2) 30–49","(2) Some college / 2-yr degree","(2) Female","(2) ≥ $50,000","(1) White","(4) Western"
"869","likert_scale",3,"MEDIUM",56,23,23,4,23,34,34,3,"","",0.988229380249616,"(1) 18–29","(2) Some college / 2-yr degree","(2) Female","(2) ≥ $50,000","(1) White","(2) Southern"
"870","levels_scale",5,"LEVEL 5 OF 5",65,99,99,3,100,100,100,2,"","The vidual in the experimental scale is faster to understand ",1.45908482091721,"(3) 50–64","(2) Some college / 2-yr degree","(2) Female","(2) ≥ $50,000","(2) Black","(2) Southern"
"871","spanish_scale",3,"MODERATE",15,15,60,2,15,15,60,2,"","it is more helpful because it explains what those risks mean and I can act accordingly. ",0.997949607222797,"(3) 50–64","(3) 4-yr / post-graduate degree","(2) Female","(2) ≥ $50,000","(2) Black","(2) Southern"
"872","current_scale",4,"MODERATE",40,50,80,2,80,90,80,NA,"","",0.421028301043217,"(2) 30–49","(2) Some college / 2-yr degree","(2) Female","(1) < $50,000","(2) Black","(1) Eastern"
"873","levels_scale",5,"LEVEL 5 OF 5",100,100,100,3,35,35,30,2,"","Iit looks easy",1.44653246386908,"(3) 50–64","(2) Some college / 2-yr degree","(2) Female","(2) ≥ $50,000","(2) Black","(1) Eastern"
"874","likert_scale",3,"MEDIUM",30,30,30,3,20,20,20,3,"","",0.907887135195135,"(2) 30–49","(1) HS or less","(1) Male","(1) < $50,000","(1) White","(3) Central"
"875","spanish_scale",3,"MODERATE",0,0,0,2,0,0,0,1,"High sensitivity ","",0.450893464418237,"(2) 30–49","(2) Some college / 2-yr degree","(1) Male","(1) < $50,000","(1) White","(3) Central"
"876","likert_scale",1,"VERY LOW",30,30,40,4,30,40,30,2,"","Very good ",0.851245985500946,"(2) 30–49","(3) 4-yr / post-graduate degree","(1) Male","(2) ≥ $50,000","(1) White","(1) Eastern"
"877","levels_scale",4,"LEVEL 4 OF 5",90,90,20,3,90,90,20,2,"","the levels are less vague ",0.432955342236359,"(2) 30–49","(2) Some college / 2-yr degree","(2) Female","(1) < $50,000","(3) Hispanic","(1) Eastern"
"878","likert_scale",5,"VERY HIGH",100,100,100,4,100,100,100,2,"","It’s cool",0.851245985500946,"(2) 30–49","(3) 4-yr / post-graduate degree","(1) Male","(2) ≥ $50,000","(1) White","(1) Eastern"
"879","spanish_scale",4,"HIGH",60,70,80,5,40,50,50,2,"","Because you will get to understand everything experimentally and lively",0.873129657279388,"(2) 30–49","(3) 4-yr / post-graduate degree","(1) Male","(2) ≥ $50,000","(1) White","(3) Central"
"880","likert_scale",1,"VERY LOW",10,10,80,1,10,10,80,2,"","less vague verbiage ",0.432955342236359,"(2) 30–49","(2) Some college / 2-yr degree","(2) Female","(1) < $50,000","(3) Hispanic","(1) Eastern"
"881","levels_scale",1,"LEVEL 1 OF 5",25,25,25,1,10,10,10,1,"it gives more details ","",0.417660953452964,"(2) 30–49","(2) Some college / 2-yr degree","(2) Female","(1) < $50,000","(3) Hispanic","(4) Western"
"882","current_scale",4,"MODERATE",50,40,100,2,75,75,75,NA,"","",0.349445562102303,"(3) 50–64","(3) 4-yr / post-graduate degree","(2) Female","(1) < $50,000","(2) Black","(1) Eastern"
"883","spanish_scale",5,"EXTREME",60,50,40,3,50,60,50,2,"","Okay but I don’t want to do the next thing I can ",0.851245985500946,"(2) 30–49","(3) 4-yr / post-graduate degree","(1) Male","(2) ≥ $50,000","(1) White","(1) Eastern"
"884","likert_scale",1,"VERY LOW",40,70,50,2,30,30,20,1,"The scale is better understandable to read","",0.424681794963377,"(2) 30–49","(2) Some college / 2-yr degree","(2) Female","(1) < $50,000","(2) Black","(2) Southern"
"885","likert_scale",3,"MEDIUM",70,60,50,5,50,60,70,2,"","I am not sure",1.09122883928487,"(2) 30–49","(3) 4-yr / post-graduate degree","(1) Male","(2) ≥ $50,000","(3) Hispanic","(3) Central"
"886","current_scale",4,"MODERATE",100,100,100,3,100,100,100,NA,"","",0.851245985500946,"(2) 30–49","(3) 4-yr / post-graduate degree","(1) Male","(2) ≥ $50,000","(1) White","(1) Eastern"
"887","levels_scale",4,"LEVEL 4 OF 5",10,20,80,4,3,2,8,1,"Easy to understand ","",0.529950889113667,"(3) 50–64","(2) Some college / 2-yr degree","(2) Female","(1) < $50,000","(3) Hispanic","(2) Southern"
"888","current_scale",4,"MODERATE",35,40,80,1,60,80,50,NA,"","",0.851245985500946,"(2) 30–49","(3) 4-yr / post-graduate degree","(1) Male","(2) ≥ $50,000","(1) White","(1) Eastern"
"889","likert_scale",3,"MEDIUM",90,85,100,4,100,90,85,1,"It's traditional","",0.534263566658439,"(2) 30–49","(2) Some college / 2-yr degree","(1) Male","(1) < $50,000","(2) Black","(1) Eastern"
"890","likert_scale",3,"MEDIUM",25,25,100,5,50,50,100,1,"better for me to understand","",0.439109616964749,"(1) 18–29","(2) Some college / 2-yr degree","(1) Male","(1) < $50,000","(1) White","(1) Eastern"
"891","levels_scale",4,"LEVEL 4 OF 5",50,69,70,2,50,60,70,1,"Unsure ","",0.365011294328456,"(1) 18–29","(3) 4-yr / post-graduate degree","(1) Male","(1) < $50,000","(2) Black","(1) Eastern"
"892","likert_scale",4,"HIGH",99,99,99,5,99,99,99,1,"Not sure ","",0.35532819589936,"(2) 30–49","(2) Some college / 2-yr degree","(2) Female","(1) < $50,000","(1) White","(3) Central"
"893","likert_scale",5,"VERY HIGH",80,90,60,3,80,90,60,2,"","While marginal and high are very intuitive, slight sounds almost the same as marginal, and enhanced sounds possibly more intense than moderate, so I would have to reference this scale almost to even make sense of it. The experimental scale is much simpler and more accessibly to laymen.",0.885132319901853,"(2) 30–49","(1) HS or less","(1) Male","(1) < $50,000","(1) White","(1) Eastern"
"894","levels_scale",2,"LEVEL 2 OF 5",75,85,87,3,70,72,73,1,"More explicit information for everyone","",0.298691957852175,"(2) 30–49","(3) 4-yr / post-graduate degree","(2) Female","(1) < $50,000","(3) Hispanic","(2) Southern"
"895","likert_scale",1,"VERY LOW",80,90,80,2,90,90,80,1,"Current scale is very good in the explanation and simplicity","",0.647130069334097,"(2) 30–49","(3) 4-yr / post-graduate degree","(2) Female","(2) ≥ $50,000","(1) White","(4) Western"
"896","levels_scale",5,"LEVEL 5 OF 5",100,100,100,1,100,100,100,1,"More clear ","",0.607894575599046,"(2) 30–49","(3) 4-yr / post-graduate degree","(2) Female","(1) < $50,000","(4) Other","(3) Central"
"897","levels_scale",3,"LEVEL 3 OF 5",20,20,20,3,20,20,20,1,"Goodness Okay ","",0.851245985500946,"(2) 30–49","(3) 4-yr / post-graduate degree","(1) Male","(2) ≥ $50,000","(1) White","(1) Eastern"
"898","current_scale",1,"MARGINAL ",40,50,20,4,20,10,10,NA,"","",2.40019175142646,"(2) 30–49","(1) HS or less","(2) Female","(2) ≥ $50,000","(2) Black","(1) Eastern"
"899","spanish_scale",4,"HIGH",70,40,20,3,20,40,10,2,"","i think i might ya but not yet sure yet but im still ",0.420565807530048,"(1) 18–29","(2) Some college / 2-yr degree","(2) Female","(1) < $50,000","(2) Black","(1) Eastern"
"900","likert_scale",2,"LOW",99,90,100,1,40,80,90,1,"Because it will reduce the damage","",0.851245985500946,"(2) 30–49","(3) 4-yr / post-graduate degree","(1) Male","(2) ≥ $50,000","(1) White","(1) Eastern"
"901","current_scale",5,"HIGH",100,100,80,5,100,100,100,NA,"","",0.287648446765499,"(1) 18–29","(3) 4-yr / post-graduate degree","(2) Female","(1) < $50,000","(2) Black","(1) Eastern"
"902","spanish_scale",3,"MODERATE",6,8,9,3,5,8,2,2,"","You can understand it better",1.5126285270413,"(2) 30–49","(2) Some college / 2-yr degree","(1) Male","(2) ≥ $50,000","(2) Black","(1) Eastern"
"903","current_scale",5,"HIGH",60,70,55,2,70,60,40,NA,"","",0.758579721805822,"(2) 30–49","(3) 4-yr / post-graduate degree","(1) Male","(1) < $50,000","(4) Other","(2) Southern"
"904","likert_scale",1,"VERY LOW",100,100,100,1,0,0,0,1,"Cause it says raun","",0.907887135195135,"(2) 30–49","(1) HS or less","(1) Male","(1) < $50,000","(1) White","(3) Central"
"905","levels_scale",5,"LEVEL 5 OF 5",90,90,90,4,90,90,90,1,"It is more definitive of what is happening","",1.90395474797774,"(3) 50–64","(2) Some college / 2-yr degree","(1) Male","(2) ≥ $50,000","(3) Hispanic","(2) Southern"
"906","likert_scale",2,"LOW",59,30,25,3,25,10,70,1,"Esay to say","",0.858632714670656,"(2) 30–49","(3) 4-yr / post-graduate degree","(1) Male","(2) ≥ $50,000","(1) White","(2) Southern"
"907","spanish_scale",1,"MINIMAL",30,20,80,1,20,20,80,1,"It is what I have been used to for many years.","",0.54715970663942,"(3) 50–64","(2) Some college / 2-yr degree","(1) Male","(1) < $50,000","(1) White","(3) Central"
"908","levels_scale",2,"LEVEL 2 OF 5",45,35,30,5,75,55,40,3,"","",0.851245985500946,"(2) 30–49","(3) 4-yr / post-graduate degree","(1) Male","(2) ≥ $50,000","(1) White","(1) Eastern"
"909","likert_scale",5,"VERY HIGH",76,75,90,5,50,75,50,1,"The current scale explains exactly what the high and lows mean","",1.19203228255475,"(2) 30–49","(2) Some college / 2-yr degree","(2) Female","(2) ≥ $50,000","(2) Black","(1) Eastern"
"910","spanish_scale",4,"HIGH",0,0,0,2,0,0,0,3,"","",0.847752758100835,"(2) 30–49","(1) HS or less","(2) Female","(1) < $50,000","(2) Black","(1) Eastern"
"911","likert_scale",4,"HIGH",90,50,100,4,50,25,100,1,"It is short a to the point","",0.424681794963377,"(2) 30–49","(2) Some college / 2-yr degree","(2) Female","(1) < $50,000","(2) Black","(2) Southern"
"912","likert_scale",1,"VERY LOW",100,100,50,2,0,10,80,2,"","Easier vocabulary to understand. If I read marginal I’ll think I’m going to die",0.285661654809536,"(2) 30–49","(3) 4-yr / post-graduate degree","(2) Female","(1) < $50,000","(3) Hispanic","(4) Western"
"913","current_scale",1,"MARGINAL ",100,100,100,5,100,100,100,NA,"","",1.0731107033079,"(2) 30–49","(3) 4-yr / post-graduate degree","(1) Male","(2) ≥ $50,000","(3) Hispanic","(2) Southern"
"914","current_scale",5,"HIGH",50,60,60,5,50,60,80,NA,"","",0.851245985500946,"(2) 30–49","(3) 4-yr / post-graduate degree","(1) Male","(2) ≥ $50,000","(1) White","(1) Eastern"
"915","spanish_scale",3,"MODERATE",30,10,80,2,30,20,90,2,"","Because it’s short and to the point",0.424063652799602,"(2) 30–49","(2) Some college / 2-yr degree","(1) Male","(1) < $50,000","(1) White","(4) Western"
"916","spanish_scale",5,"EXTREME",65,60,60,4,70,85,70,2,"","It uses relatable words",0.290463600472494,"(2) 30–49","(3) 4-yr / post-graduate degree","(2) Female","(1) < $50,000","(2) Black","(2) Southern"
"917","levels_scale",2,"LEVEL 2 OF 5",60,50,100,5,40,80,90,2,"","none",0.858632714670656,"(2) 30–49","(3) 4-yr / post-graduate degree","(1) Male","(2) ≥ $50,000","(1) White","(2) Southern"
"918","spanish_scale",3,"MODERATE",50,75,100,1,60,75,100,1,"its my understanding","",0.50683201864751,"(3) 50–64","(2) Some college / 2-yr degree","(2) Female","(1) < $50,000","(3) Hispanic","(4) Western"
"919","likert_scale",2,"LOW",40,50,50,2,60,40,50,2,"","It’s easier to understand by definition ",0.885132319901853,"(2) 30–49","(1) HS or less","(1) Male","(1) < $50,000","(1) White","(1) Eastern"
"920","spanish_scale",2,"LOW",50,50,50,5,43,40,48,2,"","No",1.03775361209861,"(2) 30–49","(1) HS or less","(1) Male","(1) < $50,000","(2) Black","(4) Western"
"921","spanish_scale",3,"MODERATE",60,80,90,5,80,95,75,2,"","Because the words are easier to understand.",0.670827421916364,"(2) 30–49","(3) 4-yr / post-graduate degree","(2) Female","(2) ≥ $50,000","(1) White","(1) Eastern"
"922","likert_scale",3,"MEDIUM",30,49,90,2,50,50,50,2,"","understand it better",0.424681794963377,"(2) 30–49","(2) Some college / 2-yr degree","(2) Female","(1) < $50,000","(2) Black","(2) Southern"
"923","levels_scale",5,"LEVEL 5 OF 5",50,0,50,2,50,50,0,2,"","Good and interesting and wonderful ",1.08509018605445,"(2) 30–49","(1) HS or less","(1) Male","(1) < $50,000","(2) Black","(2) Southern"
"924","spanish_scale",5,"EXTREME",99,99,89,2,99,90,89,2,"","The experimental scale is allowing one to dive into the info of the case scenario",1.45759117757906,"(1) 18–29","(2) Some college / 2-yr degree","(1) Male","(2) ≥ $50,000","(2) Black","(4) Western"
"925","likert_scale",5,"VERY HIGH",30,30,50,4,25,20,80,3,"","",1.20237620168361,"(2) 30–49","(2) Some college / 2-yr degree","(2) Female","(2) ≥ $50,000","(2) Black","(2) Southern"
"926","current_scale",5,"HIGH",80,90,100,5,100,100,100,NA,"","",0.815297459831441,"(2) 30–49","(3) 4-yr / post-graduate degree","(2) Female","(2) ≥ $50,000","(2) Black","(1) Eastern"
"927","current_scale",5,"HIGH",50,60,70,4,70,60,70,NA,"","",0.821175246599086,"(2) 30–49","(3) 4-yr / post-graduate degree","(1) Male","(2) ≥ $50,000","(1) White","(4) Western"
"928","levels_scale",4,"LEVEL 4 OF 5",25,25,35,5,35,35,45,2,"","It has words for people that are not visual learners",0.420565807530048,"(1) 18–29","(2) Some college / 2-yr degree","(2) Female","(1) < $50,000","(2) Black","(1) Eastern"
"929","spanish_scale",3,"MODERATE",60,50,40,5,60,70,50,2,"","Thou if ur hungry I can go back and eat my food and ",0.851245985500946,"(2) 30–49","(3) 4-yr / post-graduate degree","(1) Male","(2) ≥ $50,000","(1) White","(1) Eastern"
"930","levels_scale",5,"LEVEL 5 OF 5",100,100,100,4,100,100,100,1,"The marginal to High level warnings. The levels are so military.","",0.533445977721088,"(3) 50–64","(2) Some college / 2-yr degree","(1) Male","(1) < $50,000","(1) White","(1) Eastern"
"931","current_scale",2,"SLIGHT",60,70,80,1,50,60,90,NA,"","",0.821175246599086,"(2) 30–49","(3) 4-yr / post-graduate degree","(1) Male","(2) ≥ $50,000","(1) White","(4) Western"
"932","current_scale",1,"MARGINAL ",80,70,85,2,80,75,90,NA,"","",0.858632714670656,"(2) 30–49","(3) 4-yr / post-graduate degree","(1) Male","(2) ≥ $50,000","(1) White","(2) Southern"
"933","spanish_scale",5,"EXTREME",100,100,100,5,100,100,100,2,"","It explains it in better terms


",0.436232611450116,"(1) 18–29","(2) Some college / 2-yr degree","(2) Female","(1) < $50,000","(3) Hispanic","(2) Southern"
"934","spanish_scale",1,"MINIMAL",5,7,5,3,2,3,2,2,"","high",3.0213622201129,"(2) 30–49","(1) HS or less","(1) Male","(2) ≥ $50,000","(3) Hispanic","(4) Western"
"935","current_scale",4,"MODERATE",78,60,70,2,80,60,50,NA,"","",0.808776781934255,"(2) 30–49","(3) 4-yr / post-graduate degree","(2) Female","(2) ≥ $50,000","(3) Hispanic","(4) Western"
"936","spanish_scale",3,"MODERATE",60,40,100,4,40,60,60,1,"it is explained more in detail ","",0.333817770317522,"(1) 18–29","(2) Some college / 2-yr degree","(2) Female","(1) < $50,000","(1) White","(4) Western"
"937","spanish_scale",4,"HIGH",40,20,50,3,80,90,90,3,"","",1.48371964853174,"(3) 50–64","(2) Some college / 2-yr degree","(2) Female","(2) ≥ $50,000","(2) Black","(3) Central"
"938","likert_scale",2,"LOW",20,60,90,4,10,40,70,1,"This is how the weather is right now","",0.374394936068401,"(1) 18–29","(3) 4-yr / post-graduate degree","(1) Male","(1) < $50,000","(2) Black","(3) Central"
"939","levels_scale",5,"LEVEL 5 OF 5",70,20,25,5,80,10,40,3,"","",1.05519577170797,"(3) 50–64","(1) HS or less","(2) Female","(1) < $50,000","(2) Black","(3) Central"
"940","likert_scale",2,"LOW",20,20,50,5,10,50,50,2,"","none",2.48960304656004,"(2) 30–49","(1) HS or less","(2) Female","(2) ≥ $50,000","(3) Hispanic","(2) Southern"
"941","levels_scale",5,"LEVEL 5 OF 5",70,65,80,1,80,75,80,1,"It’s help me to no more ","",0.821175246599086,"(2) 30–49","(3) 4-yr / post-graduate degree","(1) Male","(2) ≥ $50,000","(1) White","(4) Western"
"942","current_scale",1,"MARGINAL ",60,50,100,1,80,50,100,NA,"","",0.907887135195135,"(2) 30–49","(1) HS or less","(1) Male","(1) < $50,000","(1) White","(3) Central"
"943","levels_scale",2,"LEVEL 2 OF 5",0,0,0,2,0,0,0,3,"","",3.04572163582333,"(2) 30–49","(1) HS or less","(1) Male","(2) ≥ $50,000","(2) Black","(1) Eastern"
"944","current_scale",4,"MODERATE",70,80,90,5,75,86,90,NA,"","",0.851245985500946,"(2) 30–49","(3) 4-yr / post-graduate degree","(1) Male","(2) ≥ $50,000","(1) White","(1) Eastern"
"945","likert_scale",2,"LOW",100,100,100,1,50,50,50,2,"","Everything good ",0.858632714670656,"(2) 30–49","(3) 4-yr / post-graduate degree","(1) Male","(2) ≥ $50,000","(1) White","(2) Southern"
"946","current_scale",1,"MARGINAL ",50,50,75,2,50,50,75,NA,"","",0.514601701228133,"(3) 50–64","(2) Some college / 2-yr degree","(1) Male","(1) < $50,000","(1) White","(4) Western"
"947","current_scale",1,"MARGINAL ",0,50,100,2,0,0,100,NA,"","",1.97487975130846,"(2) 30–49","(1) HS or less","(2) Female","(2) ≥ $50,000","(1) White","(1) Eastern"
"948","spanish_scale",4,"HIGH",100,90,90,5,70,70,69,2,"","The descripted words are easier to understand. ",0.853864527349851,"(2) 30–49","(1) HS or less","(1) Male","(1) < $50,000","(1) White","(4) Western"
"949","spanish_scale",3,"MODERATE",50,33,75,1,75,75,80,2,"","The terms seem to categorize the results more accurately",0.533445977721088,"(3) 50–64","(2) Some college / 2-yr degree","(1) Male","(1) < $50,000","(1) White","(1) Eastern"
"950","levels_scale",1,"LEVEL 1 OF 5",6,5,7,4,59,34,60,2,"","Explain mire",3.12402047510377,"(2) 30–49","(1) HS or less","(1) Male","(2) ≥ $50,000","(2) Black","(3) Central"
"951","levels_scale",5,"LEVEL 5 OF 5",100,90,100,5,100,100,100,1,"It's what I'm used to","",1.07410902732743,"(3) 50–64","(1) HS or less","(1) Male","(1) < $50,000","(1) White","(1) Eastern"
"952","spanish_scale",5,"EXTREME",100,100,100,5,100,100,100,1,"Because its easier to understand","",0.891832357109227,"(1) 18–29","(1) HS or less","(1) Male","(1) < $50,000","(1) White","(2) Southern"
"953","levels_scale",4,"LEVEL 4 OF 5",50,50,60,3,70,80,80,1,"the words that are written are very clear compare to the numbers written.","",0.443428700396499,"(3) 50–64","(3) 4-yr / post-graduate degree","(1) Male","(1) < $50,000","(2) Black","(1) Eastern"
"954","spanish_scale",3,"MODERATE",80,50,50,2,50,50,80,2,"","To warn the people so they can get to safety or I have time to evacuate the city",1.52407841671795,"(1) 18–29","(2) Some college / 2-yr degree","(1) Male","(2) ≥ $50,000","(2) Black","(2) Southern"
"955","spanish_scale",1,"MINIMAL",25,35,85,3,20,30,90,2,"","Marginal and slight sound very similar.",0.298691957852175,"(2) 30–49","(3) 4-yr / post-graduate degree","(2) Female","(1) < $50,000","(3) Hispanic","(2) Southern"
"956","spanish_scale",1,"MINIMAL",0,0,0,3,0,0,0,3,"","",3.0721510360594,"(2) 30–49","(1) HS or less","(1) Male","(2) ≥ $50,000","(2) Black","(2) Southern"
"957","spanish_scale",3,"MODERATE",80,70,70,5,80,80,70,2,"","Because it is good",1.03457113856201,"(2) 30–49","(3) 4-yr / post-graduate degree","(1) Male","(2) ≥ $50,000","(2) Black","(1) Eastern"
"958","levels_scale",3,"LEVEL 3 OF 5",33,33,77,3,50,50,88,2,"","more precise",1.03298792388937,"(3) 50–64","(3) 4-yr / post-graduate degree","(1) Male","(2) ≥ $50,000","(1) White","(1) Eastern"
"959","spanish_scale",1,"MINIMAL",1,2,3,3,3,4,5,3,"","",0.538899665200303,"(2) 30–49","(2) Some college / 2-yr degree","(1) Male","(1) < $50,000","(2) Black","(2) Southern"
"960","spanish_scale",3,"MODERATE",25,10,85,1,25,10,90,2,"","It moderates the message slight becomes low, it eases the blow.  I also just noted that high becomes severe so I guess that must be taken seriously.",0.358429042924218,"(3) 50–64","(3) 4-yr / post-graduate degree","(2) Female","(1) < $50,000","(2) Black","(3) Central"
"961","levels_scale",1,"LEVEL 1 OF 5",50,60,100,2,45,48,60,2,"","Because it explains how severe the weather risks are.",1.03767590805898,"(3) 50–64","(1) HS or less","(2) Female","(1) < $50,000","(2) Black","(2) Southern"
"962","levels_scale",5,"LEVEL 5 OF 5",100,100,100,5,100,100,100,1,"I like the current scale better than the experimental scale because the information is quicker to understand.","",0.547998313999482,"(2) 30–49","(2) Some college / 2-yr degree","(1) Male","(1) < $50,000","(2) Black","(3) Central"
"963","spanish_scale",3,"MODERATE",50,50,50,3,50,50,50,3,"","",0.36485350015957,"(3) 50–64","(3) 4-yr / post-graduate degree","(1) Male","(1) < $50,000","(1) White","(1) Eastern"
"964","current_scale",3,"ENHANCED",70,80,50,4,90,100,100,NA,"","",0.368582749810865,"(3) 50–64","(3) 4-yr / post-graduate degree","(2) Female","(1) < $50,000","(3) Hispanic","(3) Central"
"965","likert_scale",5,"VERY HIGH",100,100,100,1,100,100,100,1,"No ","",0.534263566658439,"(2) 30–49","(2) Some college / 2-yr degree","(1) Male","(1) < $50,000","(2) Black","(1) Eastern"
"966","levels_scale",2,"LEVEL 2 OF 5",30,30,70,2,30,30,60,2,"","It’s more informative knowing the different levels ",1.18249851243949,"(2) 30–49","(2) Some college / 2-yr degree","(2) Female","(2) ≥ $50,000","(3) Hispanic","(4) Western"
"967","spanish_scale",1,"MINIMAL",40,50,100,1,20,40,100,1,"Can't take it for granted ","",1.06707156452645,"(3) 50–64","(1) HS or less","(2) Female","(1) < $50,000","(3) Hispanic","(2) Southern"
"968","likert_scale",4,"HIGH",50,50,75,3,50,50,75,2,"","I really don’t know what ",1.10341058065829,"(2) 30–49","(1) HS or less","(1) Male","(1) < $50,000","(2) Black","(3) Central"
"969","current_scale",3,"ENHANCED",100,100,100,5,50,50,75,NA,"","",0.374806655771227,"(2) 30–49","(3) 4-yr / post-graduate degree","(1) Male","(1) < $50,000","(2) Black","(3) Central"
"970","levels_scale",3,"LEVEL 3 OF 5",80,80,80,5,90,90,90,2,"","Prediction outlook",0.368583581646112,"(2) 30–49","(3) 4-yr / post-graduate degree","(1) Male","(1) < $50,000","(2) Black","(2) Southern"
"971","levels_scale",5,"LEVEL 5 OF 5",100,100,100,3,100,100,100,1,"more explicit","",2.05402807177798,"(2) 30–49","(3) 4-yr / post-graduate degree","(1) Male","(2) ≥ $50,000","(4) Other","(4) Western"
"972","likert_scale",2,"LOW",40,50,90,3,80,90,80,1,"Accurate ","",0.529950889113667,"(3) 50–64","(2) Some college / 2-yr degree","(2) Female","(1) < $50,000","(3) Hispanic","(2) Southern"
"973","likert_scale",4,"HIGH",50,100,100,5,100,100,100,2,"","Because it's in simple terms ",0.534263566658439,"(2) 30–49","(2) Some college / 2-yr degree","(1) Male","(1) < $50,000","(2) Black","(1) Eastern"
"974","spanish_scale",5,"EXTREME",50,50,50,4,100,100,100,2,"","Because I understand the experimental scale much more better.",1.25931513044328,"(3) 50–64","(1) HS or less","(1) Male","(1) < $50,000","(2) Black","(4) Western"
"975","levels_scale",4,"LEVEL 4 OF 5",85,95,80,5,87,90,69,2,"","Puts a quantitative aspect to it",0.857689519023841,"(1) 18–29","(3) 4-yr / post-graduate degree","(1) Male","(2) ≥ $50,000","(1) White","(2) Southern"
"976","likert_scale",4,"HIGH",50,50,50,5,75,75,100,2,"","Better to understand ",0.368019534464816,"(3) 50–64","(3) 4-yr / post-graduate degree","(1) Male","(1) < $50,000","(1) White","(2) Southern"
"977","current_scale",2,"SLIGHT",30,30,40,2,30,30,40,NA,"","",1.04354868082068,"(2) 30–49","(3) 4-yr / post-graduate degree","(1) Male","(2) ≥ $50,000","(2) Black","(2) Southern"
"978","levels_scale",3,"LEVEL 3 OF 5",90,80,100,3,90,80,70,1,"Because he give  the level of notice ","",0.821175246599086,"(2) 30–49","(3) 4-yr / post-graduate degree","(1) Male","(2) ≥ $50,000","(1) White","(4) Western"
"979","current_scale",5,"HIGH",100,100,100,5,100,100,100,NA,"","",1.02874888866198,"(3) 50–64","(1) HS or less","(2) Female","(1) < $50,000","(2) Black","(1) Eastern"
"980","likert_scale",2,"LOW",0,0,0,2,0,0,0,1,"Because current scale is more depth on the what is really coming ","",0.554165808806062,"(2) 30–49","(2) Some college / 2-yr degree","(1) Male","(1) < $50,000","(3) Hispanic","(2) Southern"
"981","current_scale",2,"SLIGHT",10,10,9,5,3,3,7,NA,"","",0.431852017461735,"(2) 30–49","(2) Some college / 2-yr degree","(2) Female","(1) < $50,000","(2) Black","(3) Central"
"982","current_scale",1,"MARGINAL ",15,25,90,2,55,80,60,NA,"","",1.19203228255475,"(2) 30–49","(2) Some college / 2-yr degree","(2) Female","(2) ≥ $50,000","(2) Black","(1) Eastern"
"983","likert_scale",1,"VERY LOW",60,70,70,2,40,40,30,2,"","Is Relative a experience ",0.851245985500946,"(2) 30–49","(3) 4-yr / post-graduate degree","(1) Male","(2) ≥ $50,000","(1) White","(1) Eastern"
"984","current_scale",2,"SLIGHT",10,5,80,1,10,5,80,NA,"","",0.533445977721088,"(3) 50–64","(2) Some college / 2-yr degree","(1) Male","(1) < $50,000","(1) White","(1) Eastern"
"985","spanish_scale",2,"LOW",25,75,75,2,25,25,25,2,"","The wording of it is more understandable ",1.85150465787904,"(3) 50–64","(2) Some college / 2-yr degree","(1) Male","(2) ≥ $50,000","(2) Black","(2) Southern"
"986","levels_scale",2,"LEVEL 2 OF 5",40,20,20,1,30,20,20,2,"","The color conveys the danger more clearly",0.368019534464816,"(3) 50–64","(3) 4-yr / post-graduate degree","(1) Male","(1) < $50,000","(1) White","(2) Southern"
"987","likert_scale",1,"VERY LOW",20,30,40,2,20,40,30,1,"The first time you have ","",0.821175246599086,"(2) 30–49","(3) 4-yr / post-graduate degree","(1) Male","(2) ≥ $50,000","(1) White","(4) Western"
"988","current_scale",5,"HIGH",75,75,75,5,80,80,80,NA,"","",1.24459199875595,"(2) 30–49","(2) Some college / 2-yr degree","(1) Male","(2) ≥ $50,000","(1) White","(1) Eastern"
"989","likert_scale",4,"HIGH",0,0,0,2,0,0,0,2,"","N/A",2.39755517542279,"(1) 18–29","(1) HS or less","(2) Female","(2) ≥ $50,000","(2) Black","(1) Eastern"
"990","likert_scale",2,"LOW",80,90,75,2,90,90,90,2,"","Bien ",0.298691957852175,"(2) 30–49","(3) 4-yr / post-graduate degree","(2) Female","(1) < $50,000","(3) Hispanic","(2) Southern"
"991","current_scale",2,"SLIGHT",90,90,90,1,70,70,70,NA,"","",0.538899665200303,"(2) 30–49","(2) Some college / 2-yr degree","(1) Male","(1) < $50,000","(2) Black","(2) Southern"
"992","current_scale",3,"ENHANCED",0,0,0,4,0,0,0,NA,"","",0.450893464418237,"(2) 30–49","(2) Some college / 2-yr degree","(1) Male","(1) < $50,000","(1) White","(3) Central"
"993","likert_scale",2,"LOW",50,40,100,2,20,40,50,2,"","Yes",1.55151489687128,"(2) 30–49","(2) Some college / 2-yr degree","(1) Male","(2) ≥ $50,000","(2) Black","(3) Central"
"994","spanish_scale",3,"MODERATE",100,100,100,4,50,50,50,1,"The current scale is easier to understand than the experimental scale.","",0.547998313999482,"(2) 30–49","(2) Some college / 2-yr degree","(1) Male","(1) < $50,000","(2) Black","(3) Central"
"995","spanish_scale",5,"EXTREME",90,100,100,5,100,100,100,1,"Current scale is more reliable in those situations ","",1.05151797342309,"(3) 50–64","(2) Some college / 2-yr degree","(2) Female","(1) < $50,000","(4) Other","(1) Eastern"
"996","levels_scale",2,"LEVEL 2 OF 5",30,70,100,2,25,70,100,2,"","Being shown numbers that are relative to an overall scale is more effective than descriptive words that may mean different things to different people.",2.1292448322677,"(2) 30–49","(3) 4-yr / post-graduate degree","(1) Male","(2) ≥ $50,000","(4) Other","(1) Eastern"
"997","spanish_scale",1,"MINIMAL",25,25,50,1,5,5,5,2,"","It gives a better description. ",0.859946762095407,"(2) 30–49","(3) 4-yr / post-graduate degree","(2) Female","(2) ≥ $50,000","(3) Hispanic","(3) Central"
"998","current_scale",1,"MARGINAL ",60,99,100,2,30,40,30,NA,"","",0.697531668082035,"(2) 30–49","(1) HS or less","(2) Female","(1) < $50,000","(1) White","(1) Eastern"
"999","current_scale",5,"HIGH",50,50,50,5,80,80,80,NA,"","",0.821175246599086,"(2) 30–49","(3) 4-yr / post-graduate degree","(1) Male","(2) ≥ $50,000","(1) White","(4) Western"
"1000","spanish_scale",5,"EXTREME",80,85,90,4,100,100,90,2,"","I feel like the risks are labeled better. It's less confusing.",0.362463013840349,"(3) 50–64","(3) 4-yr / post-graduate degree","(2) Female","(1) < $50,000","(3) Hispanic","(2) Southern"
"1001","spanish_scale",1,"MINIMAL",75,100,82,4,50,68,83,3,"","",3.0721510360594,"(2) 30–49","(1) HS or less","(1) Male","(2) ≥ $50,000","(2) Black","(2) Southern"
"1002","levels_scale",4,"LEVEL 4 OF 5",60,40,20,2,80,60,40,3,"","",1.01739141836076,"(3) 50–64","(3) 4-yr / post-graduate degree","(2) Female","(2) ≥ $50,000","(3) Hispanic","(1) Eastern"
"1003","spanish_scale",5,"EXTREME",90,80,60,5,80,80,60,2,"","verbiage is understandable ",1.52341955851049,"(3) 50–64","(2) Some college / 2-yr degree","(1) Male","(2) ≥ $50,000","(1) White","(2) Southern"
"1004","current_scale",5,"HIGH",70,100,80,4,100,100,100,NA,"","",2.50602227223506,"(2) 30–49","(1) HS or less","(1) Male","(2) ≥ $50,000","(1) White","(1) Eastern"
"1005","spanish_scale",4,"HIGH",45,50,65,4,45,45,45,2,"","No I cannot",1.07457356485053,"(1) 18–29","(1) HS or less","(1) Male","(1) < $50,000","(2) Black","(1) Eastern"
"1006","spanish_scale",3,"MODERATE",50,50,60,3,40,40,40,2,"","Because it's wat I understand ",1.31675811412549,"(3) 50–64","(1) HS or less","(1) Male","(1) < $50,000","(2) Black","(2) Southern"
"1007","spanish_scale",4,"HIGH",75,60,70,4,30,50,45,3,"","",0.417660953452964,"(2) 30–49","(2) Some college / 2-yr degree","(2) Female","(1) < $50,000","(3) Hispanic","(4) Western"
"1008","levels_scale",5,"LEVEL 5 OF 5",100,100,70,5,100,100,80,2,"","It would be easier for people to understand the scale of numbers instead of the words.",0.515351817412294,"(3) 50–64","(2) Some college / 2-yr degree","(2) Female","(1) < $50,000","(2) Black","(2) Southern"
"1009","likert_scale",2,"LOW",20,0,100,2,20,0,100,2,"","Terminology much simpler and easier to comprehend ",0.6483294158591,"(3) 50–64","(2) Some college / 2-yr degree","(1) Male","(1) < $50,000","(2) Black","(1) Eastern"
"1010","likert_scale",3,"MEDIUM",0,0,0,2,0,0,0,1,"","",0.439592502985867,"(2) 30–49","(2) Some college / 2-yr degree","(1) Male","(1) < $50,000","(1) White","(1) Eastern"
"1011","likert_scale",4,"HIGH",100,100,100,5,100,100,100,2,"","I like that it's very streamlined and simple to read. ""Enhanced"", ""Slight"" and ""Marginal"" actually require me to think about the meaning of the words but the experimental scale is nice and easy, I can immediately interpret it.",0.439109616964749,"(1) 18–29","(2) Some college / 2-yr degree","(1) Male","(1) < $50,000","(1) White","(1) Eastern"
"1012","current_scale",2,"SLIGHT",50,50,50,3,50,50,50,NA,"","",2.46189542978522,"(2) 30–49","(1) HS or less","(2) Female","(2) ≥ $50,000","(2) Black","(3) Central"
"1013","likert_scale",1,"VERY LOW",30,60,70,1,10,90,98,1,"","",0.997949607222797,"(3) 50–64","(3) 4-yr / post-graduate degree","(2) Female","(2) ≥ $50,000","(2) Black","(2) Southern"
"1014","spanish_scale",3,"MODERATE",3,2,4,4,3,3,3,3,"","",1.08509018605445,"(2) 30–49","(1) HS or less","(1) Male","(1) < $50,000","(2) Black","(2) Southern"
"1015","levels_scale",4,"LEVEL 4 OF 5",100,90,98,3,100,98,98,1,"The words work better than numbers ","",1.20237620168361,"(2) 30–49","(2) Some college / 2-yr degree","(2) Female","(2) ≥ $50,000","(2) Black","(2) Southern"
"1016","levels_scale",1,"LEVEL 1 OF 5",50,50,80,2,30,60,90,1,"It explains the severity of each storm and what it will do","",0.547998313999482,"(2) 30–49","(2) Some college / 2-yr degree","(1) Male","(1) < $50,000","(2) Black","(3) Central"
"1017","current_scale",4,"MODERATE",20,25,35,1,50,40,55,NA,"","",0.66499654660935,"(3) 50–64","(2) Some college / 2-yr degree","(1) Male","(1) < $50,000","(2) Black","(3) Central"
"1018","current_scale",2,"SLIGHT",75,75,75,2,75,75,75,NA,"","",0.885132319901853,"(2) 30–49","(1) HS or less","(1) Male","(1) < $50,000","(1) White","(1) Eastern"
"1019","spanish_scale",5,"EXTREME",50,40,45,3,100,95,25,2,"","I choose this answer only because it had simple logic behind its theory to become relevant in the situation ",0.852926569488003,"(1) 18–29","(1) HS or less","(1) Male","(1) < $50,000","(1) White","(4) Western"
"1020","likert_scale",4,"HIGH",100,100,100,4,100,100,100,1,"It is high","",0.885132319901853,"(2) 30–49","(1) HS or less","(1) Male","(1) < $50,000","(1) White","(1) Eastern"
"1021","levels_scale",4,"LEVEL 4 OF 5",25,50,25,5,25,50,25,1,"The words have a terminology definition ","",1.22133373154889,"(1) 18–29","(2) Some college / 2-yr degree","(2) Female","(2) ≥ $50,000","(2) Black","(3) Central"
"1022","levels_scale",1,"LEVEL 1 OF 5",2,10,8,1,5,10,6,3,"","",0.431852017461735,"(2) 30–49","(2) Some college / 2-yr degree","(2) Female","(1) < $50,000","(2) Black","(3) Central"
"1023","likert_scale",2,"LOW",100,100,100,3,100,10,10,1,"The ","",0.859946762095407,"(2) 30–49","(3) 4-yr / post-graduate degree","(2) Female","(2) ≥ $50,000","(3) Hispanic","(3) Central"
"1024","likert_scale",3,"MEDIUM",50,50,100,1,50,50,100,3,"","",0.50683201864751,"(3) 50–64","(2) Some college / 2-yr degree","(2) Female","(1) < $50,000","(3) Hispanic","(4) Western"
"1025","current_scale",3,"ENHANCED",50,45,35,2,50,50,50,NA,"","",0.421028301043217,"(2) 30–49","(2) Some college / 2-yr degree","(2) Female","(1) < $50,000","(2) Black","(1) Eastern"
"1026","likert_scale",4,"HIGH",100,100,100,4,100,100,100,1,"Better descriptions","",3.0721510360594,"(2) 30–49","(1) HS or less","(1) Male","(2) ≥ $50,000","(2) Black","(2) Southern"
"1027","likert_scale",3,"MEDIUM",60,100,80,3,60,100,60,2,"","",0.821468879847552,"(1) 18–29","(3) 4-yr / post-graduate degree","(2) Female","(2) ≥ $50,000","(2) Black","(2) Southern"
"1028","spanish_scale",2,"LOW",0,100,100,2,0,25,70,2,"","It's more easy to understand ",0.878367080345995,"(1) 18–29","(1) HS or less","(2) Female","(1) < $50,000","(3) Hispanic","(2) Southern"
"1029","levels_scale",4,"LEVEL 4 OF 5",100,98,100,5,50,50,50,3,"","",1.02874888866198,"(3) 50–64","(1) HS or less","(2) Female","(1) < $50,000","(2) Black","(1) Eastern"
"1030","spanish_scale",3,"MODERATE",75,75,75,2,60,60,60,1,"yes i can explain 


this experimental scale is very helpful","",0.821175246599086,"(2) 30–49","(3) 4-yr / post-graduate degree","(1) Male","(2) ≥ $50,000","(1) White","(4) Western"
"1031","current_scale",3,"ENHANCED",30,60,70,1,25,60,30,NA,"","",0.869546626645929,"(2) 30–49","(1) HS or less","(2) Female","(1) < $50,000","(2) Black","(3) Central"
"1032","current_scale",4,"MODERATE",35,35,30,3,20,30,50,NA,"","",1.44653246386908,"(3) 50–64","(2) Some college / 2-yr degree","(2) Female","(2) ≥ $50,000","(2) Black","(1) Eastern"
"1033","spanish_scale",4,"HIGH",80,100,100,4,100,100,100,2,"","It is helpful ",0.851245985500946,"(2) 30–49","(3) 4-yr / post-graduate degree","(1) Male","(2) ≥ $50,000","(1) White","(1) Eastern"
"1034","likert_scale",1,"VERY LOW",0,0,100,2,0,0,100,1,"Easily understood ","",0.51091829858952,"(3) 50–64","(2) Some college / 2-yr degree","(2) Female","(1) < $50,000","(2) Black","(1) Eastern"
"1035","spanish_scale",5,"EXTREME",25,46,28,1,67,25,57,1,"It’s better","",2.52776840453237,"(2) 30–49","(1) HS or less","(1) Male","(2) ≥ $50,000","(1) White","(2) Southern"
"1036","levels_scale",1,"LEVEL 1 OF 5",87,20,89,3,10,10,8,1,"Idk","",0.420565807530048,"(1) 18–29","(2) Some college / 2-yr degree","(2) Female","(1) < $50,000","(2) Black","(1) Eastern"
"1037","levels_scale",1,"LEVEL 1 OF 5",1,2,0,2,0,0,0,1,"Really not sure maybe because it states the definition ","",0.424681794963377,"(2) 30–49","(2) Some college / 2-yr degree","(2) Female","(1) < $50,000","(2) Black","(2) Southern"
"1038","spanish_scale",5,"EXTREME",65,50,55,1,36,60,42,1,"The only thing I can think of that would make sense for me would you want me too come in ","",0.851245985500946,"(2) 30–49","(3) 4-yr / post-graduate degree","(1) Male","(2) ≥ $50,000","(1) White","(1) Eastern"
"1039","current_scale",2,"SLIGHT",50,40,40,4,40,30,40,NA,"","",0.885132319901853,"(2) 30–49","(1) HS or less","(1) Male","(1) < $50,000","(1) White","(1) Eastern"
"1040","current_scale",3,"ENHANCED",70,65,20,5,65,55,45,NA,"","",0.529950889113667,"(3) 50–64","(2) Some college / 2-yr degree","(2) Female","(1) < $50,000","(3) Hispanic","(2) Southern"
"1041","spanish_scale",5,"EXTREME",100,50,80,3,100,50,50,1,"The one you sent to the store is now on the phone and you ","",0.851245985500946,"(2) 30–49","(3) 4-yr / post-graduate degree","(1) Male","(2) ≥ $50,000","(1) White","(1) Eastern"
"1042","current_scale",2,"SLIGHT",0,0,0,2,50,50,50,NA,"","",0.450893464418237,"(2) 30–49","(2) Some college / 2-yr degree","(1) Male","(1) < $50,000","(1) White","(3) Central"
"1043","likert_scale",1,"VERY LOW",75,60,55,3,80,75,55,2,"","Hey I got you the money for me for the deposit and the money ",0.300661866537042,"(2) 30–49","(3) 4-yr / post-graduate degree","(1) Male","(1) < $50,000","(1) White","(1) Eastern"
"1044","levels_scale",1,"LEVEL 1 OF 5",35,20,30,3,70,65,40,2,"","Good night buddy hope you’re good buddy babe hope you’re good buddy ",0.851245985500946,"(2) 30–49","(3) 4-yr / post-graduate degree","(1) Male","(2) ≥ $50,000","(1) White","(1) Eastern"
"1045","spanish_scale",1,"MINIMAL",20,10,80,5,20,10,80,1,"That looks more appropriate And closer to current situation ","",1.34590164705255,"(3) 50–64","(2) Some college / 2-yr degree","(1) Male","(1) < $50,000","(4) Other","(2) Southern"
"1046","likert_scale",3,"MEDIUM",60,80,100,2,70,80,80,2,"","I prefer a chart that clearly shows the meaning of each current scale.",0.844739745831025,"(1) 18–29","(3) 4-yr / post-graduate degree","(2) Female","(2) ≥ $50,000","(3) Hispanic","(2) Southern"
"1047","likert_scale",4,"HIGH",100,100,70,4,80,100,75,2,"","More explanation to the level of the weather ",0.873129657279388,"(2) 30–49","(3) 4-yr / post-graduate degree","(1) Male","(2) ≥ $50,000","(1) White","(3) Central"
"1048","levels_scale",2,"LEVEL 2 OF 5",40,40,20,5,30,40,30,2,"","Experimental scale is more useful at the first stage ",0.851245985500946,"(2) 30–49","(3) 4-yr / post-graduate degree","(1) Male","(2) ≥ $50,000","(1) White","(1) Eastern"
"1049","likert_scale",1,"VERY LOW",100,100,100,2,80,80,80,2,"","Sure. The experimental scale is more helpful than the current scale because it provides more granularity and accuracy. The current scale only has 5 levels, which means that there is a lot of overlap between the levels. This makes it difficult to distinguish between small changes in the data. The experimental scale, on the other hand, has 10 levels, which provides more detail and precision. This makes it easier to track changes in the data and to identify outliers.",0.851245985500946,"(2) 30–49","(3) 4-yr / post-graduate degree","(1) Male","(2) ≥ $50,000","(1) White","(1) Eastern"
"1050","levels_scale",2,"LEVEL 2 OF 5",100,0,0,4,100,0,0,1,"Because the words help me better to understand it","",0.431852017461735,"(2) 30–49","(2) Some college / 2-yr degree","(2) Female","(1) < $50,000","(2) Black","(3) Central"
"1051","likert_scale",1,"VERY LOW",5,1,100,2,5,5,100,2,"","It would help those that are not as ""bright"" to understand how dangerous the watch/warning is.",1.51031373631401,"(3) 50–64","(2) Some college / 2-yr degree","(1) Male","(2) ≥ $50,000","(1) White","(1) Eastern"
"1052","current_scale",4,"MODERATE",75,100,50,3,80,100,100,NA,"","",2.53163688928213,"(2) 30–49","(1) HS or less","(2) Female","(2) ≥ $50,000","(3) Hispanic","(3) Central"
"1053","current_scale",5,"HIGH",15,15,15,5,100,100,100,NA,"","",1.5126285270413,"(2) 30–49","(2) Some college / 2-yr degree","(1) Male","(2) ≥ $50,000","(2) Black","(1) Eastern"
"1054","current_scale",4,"MODERATE",60,75,60,5,60,60,60,NA,"","",0.821175246599086,"(2) 30–49","(3) 4-yr / post-graduate degree","(1) Male","(2) ≥ $50,000","(1) White","(4) Western"
"1055","likert_scale",2,"LOW",55,60,65,2,50,55,60,1,"been using for years","",0.54715970663942,"(3) 50–64","(2) Some college / 2-yr degree","(1) Male","(1) < $50,000","(1) White","(3) Central"
"1056","current_scale",4,"MODERATE",30,50,35,3,40,33,46,NA,"","",0.851245985500946,"(2) 30–49","(3) 4-yr / post-graduate degree","(1) Male","(2) ≥ $50,000","(1) White","(1) Eastern"
"1057","likert_scale",1,"VERY LOW",10,0,0,2,10,0,10,3,"","",0.533445977721088,"(3) 50–64","(2) Some college / 2-yr degree","(1) Male","(1) < $50,000","(1) White","(1) Eastern"
"1058","current_scale",2,"SLIGHT",100,90,100,2,50,60,60,NA,"","",0.821175246599086,"(2) 30–49","(3) 4-yr / post-graduate degree","(1) Male","(2) ≥ $50,000","(1) White","(4) Western"
"1059","levels_scale",4,"LEVEL 4 OF 5",80,90,90,4,90,90,90,2,"","It shows that the level of sever weather is very likely for my area",0.533445977721088,"(3) 50–64","(2) Some college / 2-yr degree","(1) Male","(1) < $50,000","(1) White","(1) Eastern"
"1060","levels_scale",4,"LEVEL 4 OF 5",90,75,20,4,90,75,20,1,"Gives better definition of conditions.","",0.36485350015957,"(3) 50–64","(3) 4-yr / post-graduate degree","(1) Male","(1) < $50,000","(1) White","(1) Eastern"
"1061","spanish_scale",2,"LOW",75,0,100,3,100,0,100,1,"it defines the potetial risk better","",0.368019534464816,"(3) 50–64","(3) 4-yr / post-graduate degree","(1) Male","(1) < $50,000","(1) White","(2) Southern"
"1062","likert_scale",2,"LOW",50,50,50,1,50,50,50,1,"Just looks like it","",0.885132319901853,"(2) 30–49","(1) HS or less","(1) Male","(1) < $50,000","(1) White","(1) Eastern"
"1063","levels_scale",4,"LEVEL 4 OF 5",75,85,75,3,60,60,65,1,"The current scale is easier for me to understand.","",0.36485350015957,"(3) 50–64","(3) 4-yr / post-graduate degree","(1) Male","(1) < $50,000","(1) White","(1) Eastern"
"1064","current_scale",4,"MODERATE",40,20,70,3,50,40,70,NA,"","",0.533445977721088,"(3) 50–64","(2) Some college / 2-yr degree","(1) Male","(1) < $50,000","(1) White","(1) Eastern"
"1065","spanish_scale",4,"HIGH",75,90,90,5,80,95,90,2,"","I find 'minimal' and 'moderate' to be clearer than 'marginal' and 'enhanced'.",0.368019534464816,"(3) 50–64","(3) 4-yr / post-graduate degree","(1) Male","(1) < $50,000","(1) White","(2) Southern"
"1066","levels_scale",4,"LEVEL 4 OF 5",60,80,75,4,80,100,80,1,"they're about the same, tbh","",0.592658619223729,"(2) 30–49","(3) 4-yr / post-graduate degree","(2) Female","(1) < $50,000","(4) Other","(1) Eastern"
"1067","current_scale",3,"ENHANCED",60,80,70,5,70,75,70,NA,"","",1.04195172772436,"(3) 50–64","(3) 4-yr / post-graduate degree","(1) Male","(2) ≥ $50,000","(1) White","(2) Southern"
"1068","current_scale",3,"ENHANCED",70,90,90,4,70,90,90,NA,"","",1.67795895168694,"(2) 30–49","(3) 4-yr / post-graduate degree","(2) Female","(2) ≥ $50,000","(4) Other","(1) Eastern"
"1069","levels_scale",4,"LEVEL 4 OF 5",100,100,100,4,100,100,100,2,"","easy to understand",1.01437251492109,"(3) 50–64","(2) Some college / 2-yr degree","(2) Female","(1) < $50,000","(4) Other","(4) Western"
"1070","current_scale",1,"MARGINAL ",20,20,50,1,5,0,50,NA,"","",0.693786021436885,"(3) 50–64","(3) 4-yr / post-graduate degree","(2) Female","(1) < $50,000","(4) Other","(4) Western"
"1071","current_scale",2,"SLIGHT",10,40,50,1,40,30,30,NA,"","",0.308391225283701,"(2) 30–49","(3) 4-yr / post-graduate degree","(1) Male","(1) < $50,000","(1) White","(3) Central"
"1072","levels_scale",2,"LEVEL 2 OF 5",99,99,99,3,99,99,99,1,"They have the one in my car and I have a car ","",0.858632714670656,"(2) 30–49","(3) 4-yr / post-graduate degree","(1) Male","(2) ≥ $50,000","(1) White","(2) Southern"
"1073","current_scale",2,"SLIGHT",30,70,80,1,67,67,89,NA,"","",0.851245985500946,"(2) 30–49","(3) 4-yr / post-graduate degree","(1) Male","(2) ≥ $50,000","(1) White","(1) Eastern"
"1074","levels_scale",5,"LEVEL 5 OF 5",75,90,0,4,80,25,0,1,"it is easy for me to  understand","",1.0834296615727,"(3) 50–64","(1) HS or less","(1) Male","(1) < $50,000","(1) White","(2) Southern"
"1075","spanish_scale",4,"HIGH",80,10,10,1,40,50,10,1,"Because that’s how I feel ","",3.13200193413891,"(2) 30–49","(1) HS or less","(1) Male","(2) ≥ $50,000","(3) Hispanic","(1) Eastern"
"1076","likert_scale",5,"VERY HIGH",80,60,60,5,70,60,30,2,"","easier to understand",0.725487020789671,"(2) 30–49","(3) 4-yr / post-graduate degree","(1) Male","(1) < $50,000","(4) Other","(4) Western"
"1077","current_scale",5,"HIGH",0,50,100,4,0,50,100,NA,"","",1.05151797342309,"(3) 50–64","(2) Some college / 2-yr degree","(2) Female","(1) < $50,000","(4) Other","(1) Eastern"
"1078","spanish_scale",3,"MODERATE",80,70,30,4,80,60,70,2,"","It is straightforward",2.1292448322677,"(2) 30–49","(3) 4-yr / post-graduate degree","(1) Male","(2) ≥ $50,000","(4) Other","(1) Eastern"
"1079","likert_scale",3,"MEDIUM",0,0,0,1,0,0,0,2,"","Easier to understand for many just like a big lake wave color flags",0.907887135195135,"(2) 30–49","(1) HS or less","(1) Male","(1) < $50,000","(1) White","(3) Central"
"1080","spanish_scale",5,"EXTREME",80,80,90,5,100,100,90,2,"","it uses terms that are more easily understood",1.07410902732743,"(3) 50–64","(1) HS or less","(1) Male","(1) < $50,000","(1) White","(1) Eastern"
"1081","likert_scale",3,"MEDIUM",30,30,40,3,30,40,30,2,"","Experience in experimental scale is so important ",0.851245985500946,"(2) 30–49","(3) 4-yr / post-graduate degree","(1) Male","(2) ≥ $50,000","(1) White","(1) Eastern"
"1082","levels_scale",1,"LEVEL 1 OF 5",40,30,30,5,30,50,20,1,"Very nice ","",1.02629672892791,"(2) 30–49","(3) 4-yr / post-graduate degree","(1) Male","(2) ≥ $50,000","(3) Hispanic","(4) Western"
"1083","spanish_scale",3,"MODERATE",80,100,70,1,80,100,70,2,"","It tends to be easy to understand ",0.851245985500946,"(2) 30–49","(3) 4-yr / post-graduate degree","(1) Male","(2) ≥ $50,000","(1) White","(1) Eastern"
"1084","current_scale",5,"HIGH",40,60,40,3,40,30,50,NA,"","",0.851245985500946,"(2) 30–49","(3) 4-yr / post-graduate degree","(1) Male","(2) ≥ $50,000","(1) White","(1) Eastern"
"1085","likert_scale",3,"MEDIUM",75,75,80,5,70,70,60,1,"na","",0.892813099415454,"(2) 30–49","(1) HS or less","(1) Male","(1) < $50,000","(1) White","(2) Southern"
"1086","current_scale",3,"ENHANCED",100,100,50,5,50,80,80,NA,"","",1.04195172772436,"(3) 50–64","(3) 4-yr / post-graduate degree","(1) Male","(2) ≥ $50,000","(1) White","(2) Southern"
"1087","current_scale",1,"MARGINAL ",30,20,75,3,5,0,85,NA,"","",3.00293396846193,"(3) 50–64","(2) Some college / 2-yr degree","(2) Female","(2) ≥ $50,000","(4) Other","(2) Southern"
"1088","levels_scale",3,"LEVEL 3 OF 5",60,60,60,2,70,70,70,1,"The colors are helpful.","",0.36485350015957,"(3) 50–64","(3) 4-yr / post-graduate degree","(1) Male","(1) < $50,000","(1) White","(1) Eastern"
"1089","levels_scale",4,"LEVEL 4 OF 5",100,100,100,3,100,100,100,1,"It is more appealing ","",0.670827421916364,"(2) 30–49","(3) 4-yr / post-graduate degree","(2) Female","(2) ≥ $50,000","(1) White","(1) Eastern"
"1090","spanish_scale",5,"EXTREME",50,90,76,4,78,60,50,3,"","",0.670827421916364,"(2) 30–49","(3) 4-yr / post-graduate degree","(2) Female","(2) ≥ $50,000","(1) White","(1) Eastern"
"1091","likert_scale",1,"VERY LOW",90,80,80,2,80,90,80,1,"80","",0.851245985500946,"(2) 30–49","(3) 4-yr / post-graduate degree","(1) Male","(2) ≥ $50,000","(1) White","(1) Eastern"
"1092","likert_scale",3,"MEDIUM",85,95,85,3,50,80,85,3,"","",0.529950889113667,"(3) 50–64","(2) Some college / 2-yr degree","(2) Female","(1) < $50,000","(3) Hispanic","(2) Southern"
"1093","likert_scale",2,"LOW",5,5,0,1,10,10,10,2,"","Puts in terms I am used tp",1.03298792388937,"(3) 50–64","(3) 4-yr / post-graduate degree","(1) Male","(2) ≥ $50,000","(1) White","(1) Eastern"
"1094","spanish_scale",3,"MODERATE",80,70,90,1,90,70,80,2,"","tornado warning is a public warning that is issued to an area in the direct path of a tornado or a thunderstorm capable of producing a tornado",0.858632714670656,"(2) 30–49","(3) 4-yr / post-graduate degree","(1) Male","(2) ≥ $50,000","(1) White","(2) Southern"
"1095","likert_scale",5,"VERY HIGH",60,55,60,5,70,60,75,2,"","The experimental is very easy to understand and everyone can read and know what it means ",1.61690601532065,"(1) 18–29","(3) 4-yr / post-graduate degree","(2) Female","(2) ≥ $50,000","(4) Other","(4) Western"
"1096","levels_scale",1,"LEVEL 1 OF 5",40,40,20,3,30,40,30,2,"","The way you can offer you the a beautiful day person to me pls me and you have tried it for the me know if I can trust me to come to your house and lot of sperm a I gdjdudj",0.821175246599086,"(2) 30–49","(3) 4-yr / post-graduate degree","(1) Male","(2) ≥ $50,000","(1) White","(4) Western"
"1097","levels_scale",2,"LEVEL 2 OF 5",50,50,75,4,50,60,50,1,"It is easier to understand and slightly easier","",0.439592502985867,"(2) 30–49","(2) Some college / 2-yr degree","(1) Male","(1) < $50,000","(1) White","(1) Eastern"
"1098","spanish_scale",5,"EXTREME",15,50,50,5,50,50,50,2,"","Enhanced means nothing.    I don't consider Widespread storms likely to be moderate.",0.54715970663942,"(3) 50–64","(2) Some college / 2-yr degree","(1) Male","(1) < $50,000","(1) White","(3) Central"
"1099","likert_scale",1,"VERY LOW",10,100,100,NA,100,10,10,2,"","It is easy to understand ",2.1292448322677,"(2) 30–49","(3) 4-yr / post-graduate degree","(1) Male","(2) ≥ $50,000","(4) Other","(1) Eastern"
"1100","current_scale",3,"ENHANCED",100,100,100,3,100,100,100,NA,"","",0.424031900119101,"(3) 50–64","(2) Some college / 2-yr degree","(2) Female","(1) < $50,000","(1) White","(2) Southern"
"1101","likert_scale",3,"MEDIUM",20,10,90,3,45,35,95,1,"Wording is more scientific ","",0.533445977721088,"(3) 50–64","(2) Some college / 2-yr degree","(1) Male","(1) < $50,000","(1) White","(1) Eastern"
"1102","current_scale",2,"SLIGHT",59,75,70,1,45,60,65,NA,"","",0.821175246599086,"(2) 30–49","(3) 4-yr / post-graduate degree","(1) Male","(2) ≥ $50,000","(1) White","(4) Western"
"1103","spanish_scale",4,"HIGH",80,80,80,5,50,50,100,2,"","But understanding ",1.08508773717634,"(3) 50–64","(1) HS or less","(2) Female","(1) < $50,000","(3) Hispanic","(3) Central"
"1104","current_scale",1,"MARGINAL ",60,70,80,5,60,70,70,NA,"","",0.851245985500946,"(2) 30–49","(3) 4-yr / post-graduate degree","(1) Male","(2) ≥ $50,000","(1) White","(1) Eastern"
"1105","levels_scale",4,"LEVEL 4 OF 5",40,20,30,3,26,67,56,1,"Very cool ","",1.02629672892791,"(2) 30–49","(3) 4-yr / post-graduate degree","(1) Male","(2) ≥ $50,000","(3) Hispanic","(4) Western"
"1106","spanish_scale",1,"MINIMAL",50,40,36,2,40,45,35,3,"","",0.821175246599086,"(2) 30–49","(3) 4-yr / post-graduate degree","(1) Male","(2) ≥ $50,000","(1) White","(4) Western"
"1107","spanish_scale",1,"MINIMAL",40,30,30,5,70,80,90,2,"","Is quite reliable and trustworthy",0.821175246599086,"(2) 30–49","(3) 4-yr / post-graduate degree","(1) Male","(2) ≥ $50,000","(1) White","(4) Western"
"1108","levels_scale",3,"LEVEL 3 OF 5",30,30,40,3,30,40,30,1,"High","",0.851245985500946,"(2) 30–49","(3) 4-yr / post-graduate degree","(1) Male","(2) ≥ $50,000","(1) White","(1) Eastern"
"1109","current_scale",2,"SLIGHT",25,45,30,3,25,35,40,NA,"","",1.07410902732743,"(3) 50–64","(1) HS or less","(1) Male","(1) < $50,000","(1) White","(1) Eastern"
"1110","current_scale",2,"SLIGHT",30,70,40,1,40,55,60,NA,"","",0.851245985500946,"(2) 30–49","(3) 4-yr / post-graduate degree","(1) Male","(2) ≥ $50,000","(1) White","(1) Eastern"
"1111","levels_scale",4,"LEVEL 4 OF 5",49,50,35,3,45,55,40,2,"","None ",0.851245985500946,"(2) 30–49","(3) 4-yr / post-graduate degree","(1) Male","(2) ≥ $50,000","(1) White","(1) Eastern"
"1112","levels_scale",2,"LEVEL 2 OF 5",56,23,56,1,23,66,45,2,"","It helps me ",0.851245985500946,"(2) 30–49","(3) 4-yr / post-graduate degree","(1) Male","(2) ≥ $50,000","(1) White","(1) Eastern"
"1113","current_scale",5,"HIGH",10,20,30,2,60,70,50,NA,"","",1.24322483240504,"(1) 18–29","(2) Some college / 2-yr degree","(1) Male","(2) ≥ $50,000","(1) White","(1) Eastern"
"1114","spanish_scale",1,"MINIMAL",75,80,80,2,50,50,50,2,"","Because it gives a better wording of the storm",0.885132319901853,"(2) 30–49","(1) HS or less","(1) Male","(1) < $50,000","(1) White","(1) Eastern"
"1115","levels_scale",4,"LEVEL 4 OF 5",99,99,99,4,99,99,99,1,"Good description","",0.303270874764507,"(2) 30–49","(3) 4-yr / post-graduate degree","(1) Male","(1) < $50,000","(1) White","(2) Southern"
"1116","likert_scale",1,"VERY LOW",10,10,100,2,50,60,100,2,"","It looks more organized ",1.07410902732743,"(3) 50–64","(1) HS or less","(1) Male","(1) < $50,000","(1) White","(1) Eastern"
"1117","current_scale",5,"HIGH",40,100,60,5,100,100,40,NA,"","",0.840972505561878,"(2) 30–49","(1) HS or less","(2) Female","(1) < $50,000","(3) Hispanic","(4) Western"
"1118","likert_scale",5,"VERY HIGH",75,75,75,5,75,75,75,1,"i think this current scale is very helpful ","",0.821175246599086,"(2) 30–49","(3) 4-yr / post-graduate degree","(1) Male","(2) ≥ $50,000","(1) White","(4) Western"
"1119","levels_scale",4,"LEVEL 4 OF 5",25,50,35,2,75,90,75,2,"","It's easier to remember and is clear in wording and understanding.",0.362490156072499,"(2) 30–49","(3) 4-yr / post-graduate degree","(1) Male","(1) < $50,000","(3) Hispanic","(4) Western"
"1120","spanish_scale",1,"MINIMAL",15,5,1,1,10,5,85,2,"","Seems thebeexperimental scale has a choice of words that are more discriptive and people would take fir example EXTREME  more seriously  than HIGH",0.672480808226276,"(3) 50–64","(2) Some college / 2-yr degree","(1) Male","(1) < $50,000","(3) Hispanic","(2) Southern"
"1121","current_scale",5,"HIGH",41,9,100,3,95,75,100,NA,"","",0.424063652799602,"(2) 30–49","(2) Some college / 2-yr degree","(1) Male","(1) < $50,000","(1) White","(4) Western"
"1122","levels_scale",2,"LEVEL 2 OF 5",20,40,40,3,30,30,40,2,"","It very obvious it nw",0.851245985500946,"(2) 30–49","(3) 4-yr / post-graduate degree","(1) Male","(2) ≥ $50,000","(1) White","(1) Eastern"
"1123","levels_scale",1,"LEVEL 1 OF 5",60,50,50,3,50,40,60,2,"","North is a big guy at the beach next weekend next week next weekend next year ",0.851245985500946,"(2) 30–49","(3) 4-yr / post-graduate degree","(1) Male","(2) ≥ $50,000","(1) White","(1) Eastern"
"1124","spanish_scale",4,"HIGH",50,50,50,5,80,80,80,2,"","It tells you what it is",2.50602227223506,"(2) 30–49","(1) HS or less","(1) Male","(2) ≥ $50,000","(1) White","(1) Eastern"
"1125","current_scale",3,"ENHANCED",12,14,15,3,15,9,12,NA,"","",1.06387884200212,"(2) 30–49","(3) 4-yr / post-graduate degree","(1) Male","(2) ≥ $50,000","(3) Hispanic","(1) Eastern"
"1126","spanish_scale",4,"HIGH",50,100,100,5,75,100,100,1,"I didn't read it correctly. The experimental scale is more helpful ","",0.83839349960829,"(2) 30–49","(3) 4-yr / post-graduate degree","(2) Female","(2) ≥ $50,000","(3) Hispanic","(1) Eastern"
"1127","levels_scale",3,"LEVEL 3 OF 5",100,100,100,2,100,100,100,1,"It's simple to understand ","",3.11923975498752,"(3) 50–64","(1) HS or less","(1) Male","(2) ≥ $50,000","(1) White","(3) Central"
"1128","likert_scale",5,"VERY HIGH",90,90,90,2,90,90,90,2,"","No ideas for explain",0.858632714670656,"(2) 30–49","(3) 4-yr / post-graduate degree","(1) Male","(2) ≥ $50,000","(1) White","(2) Southern"
"1129","spanish_scale",3,"MODERATE",33,33,34,4,33,33,34,1,"Quality and speed ","",0.821175246599086,"(2) 30–49","(3) 4-yr / post-graduate degree","(1) Male","(2) ≥ $50,000","(1) White","(4) Western"
"1130","current_scale",4,"MODERATE",100,50,100,1,60,50,90,NA,"","",1.23643754732617,"(2) 30–49","(2) Some college / 2-yr degree","(2) Female","(2) ≥ $50,000","(3) Hispanic","(2) Southern"
"1131","spanish_scale",1,"MINIMAL",100,100,100,5,100,100,100,2,"","It is trustworthy",0.821175246599086,"(2) 30–49","(3) 4-yr / post-graduate degree","(1) Male","(2) ≥ $50,000","(1) White","(4) Western"
"1132","spanish_scale",3,"MODERATE",80,90,85,2,90,80,90,1,"Its very good and very nice  its very eusy uased ","",0.821175246599086,"(2) 30–49","(3) 4-yr / post-graduate degree","(1) Male","(2) ≥ $50,000","(1) White","(4) Western"
"1133","spanish_scale",4,"HIGH",95,75,80,2,85,75,80,1,"The first time you have a chance at the game you will have a good time and you can get to ","",1.0731107033079,"(2) 30–49","(3) 4-yr / post-graduate degree","(1) Male","(2) ≥ $50,000","(3) Hispanic","(2) Southern"
"1134","levels_scale",2,"LEVEL 2 OF 5",80,75,85,3,75,80,85,2,"","It is more precautionary",0.821175246599086,"(2) 30–49","(3) 4-yr / post-graduate degree","(1) Male","(2) ≥ $50,000","(1) White","(4) Western"
"1135","current_scale",2,"SLIGHT",40,30,30,3,30,30,40,NA,"","",0.851245985500946,"(2) 30–49","(3) 4-yr / post-graduate degree","(1) Male","(2) ≥ $50,000","(1) White","(1) Eastern"
"1136","levels_scale",2,"LEVEL 2 OF 5",30,40,40,3,40,30,30,1,"It is very good to know ","",0.851245985500946,"(2) 30–49","(3) 4-yr / post-graduate degree","(1) Male","(2) ≥ $50,000","(1) White","(1) Eastern"
"1137","spanish_scale",3,"MODERATE",20,50,30,3,30,20,50,2,"","No comment ",0.851245985500946,"(2) 30–49","(3) 4-yr / post-graduate degree","(1) Male","(2) ≥ $50,000","(1) White","(1) Eastern"
"1138","levels_scale",4,"LEVEL 4 OF 5",50,50,50,1,50,50,50,1,"Get a chance to look at the house and I will","",0.858632714670656,"(2) 30–49","(3) 4-yr / post-graduate degree","(1) Male","(2) ≥ $50,000","(1) White","(2) Southern"
"1139","current_scale",2,"SLIGHT",98,75,100,1,40,65,100,NA,"","",1.25731325338373,"(2) 30–49","(2) Some college / 2-yr degree","(2) Female","(2) ≥ $50,000","(3) Hispanic","(3) Central"
"1140","spanish_scale",2,"LOW",75,65,50,5,80,65,60,2,"","Hey brother I am sorry now that your brother did that not help for help with your ",0.851245985500946,"(2) 30–49","(3) 4-yr / post-graduate degree","(1) Male","(2) ≥ $50,000","(1) White","(1) Eastern"
"1141","spanish_scale",2,"LOW",30,60,20,2,30,20,50,1,"American captain ","",1.56897655655952,"(2) 30–49","(2) Some college / 2-yr degree","(1) Male","(2) ≥ $50,000","(3) Hispanic","(2) Southern"
"1142","likert_scale",3,"MEDIUM",40,60,60,1,50,50,50,2,"","Terms like ""enhanced"" or ""marginal"" aren't very descriptive as to wht they're referring to. Neither is ""Low"" or ""Very High"", but at least you can compare it to itself.",1.02516935678086,"(1) 18–29","(3) 4-yr / post-graduate degree","(1) Male","(2) ≥ $50,000","(3) Hispanic","(4) Western"
"1143","levels_scale",1,"LEVEL 1 OF 5",10,10,10,3,20,10,10,2,"","Easier to understand ",0.83839349960829,"(2) 30–49","(3) 4-yr / post-graduate degree","(2) Female","(2) ≥ $50,000","(3) Hispanic","(1) Eastern"
"1144","spanish_scale",1,"MINIMAL",50,20,50,1,50,20,20,2,"","widespread storms good performance",0.821175246599086,"(2) 30–49","(3) 4-yr / post-graduate degree","(1) Male","(2) ≥ $50,000","(1) White","(4) Western"
"1145","spanish_scale",2,"LOW",50,34,34,2,30,10,78,1,"it get straight to the point and doesn't show the map","",1.06387884200212,"(2) 30–49","(3) 4-yr / post-graduate degree","(1) Male","(2) ≥ $50,000","(3) Hispanic","(1) Eastern"
"1146","likert_scale",1,"VERY LOW",49,59,60,4,80,96,57,2,"","It’s obviously a cool idea ",0.851245985500946,"(2) 30–49","(3) 4-yr / post-graduate degree","(1) Male","(2) ≥ $50,000","(1) White","(1) Eastern"
"1147","levels_scale",1,"LEVEL 1 OF 5",50,29,40,4,30,40,40,2,"","Very clear to understand",0.850310904069533,"(1) 18–29","(3) 4-yr / post-graduate degree","(1) Male","(2) ≥ $50,000","(1) White","(1) Eastern"
"1148","likert_scale",1,"VERY LOW",100,89,77,3,100,79,67,2,"","More details",0.821175246599086,"(2) 30–49","(3) 4-yr / post-graduate degree","(1) Male","(2) ≥ $50,000","(1) White","(4) Western"
"1149","spanish_scale",5,"EXTREME",30,40,30,2,30,40,30,1,"","",1.09122883928487,"(2) 30–49","(3) 4-yr / post-graduate degree","(1) Male","(2) ≥ $50,000","(3) Hispanic","(3) Central"
"1150","spanish_scale",1,"MINIMAL",10,0,20,2,15,10,10,1,"I would pay more attention to a slight risk rather than low risk.","",0.554165808806062,"(2) 30–49","(2) Some college / 2-yr degree","(1) Male","(1) < $50,000","(3) Hispanic","(2) Southern"
"1151","spanish_scale",1,"MINIMAL",0,0,90,4,0,0,90,2,"","the words utilized are easier to understand",0.362463013840349,"(3) 50–64","(3) 4-yr / post-graduate degree","(2) Female","(1) < $50,000","(3) Hispanic","(2) Southern"
"1152","levels_scale",4,"LEVEL 4 OF 5",98,98,98,5,80,95,98,1,"it gives explainations of each level","",0.981451499437662,"(3) 50–64","(3) 4-yr / post-graduate degree","(2) Female","(2) ≥ $50,000","(3) Hispanic","(4) Western"
"1153","spanish_scale",4,"HIGH",1,1,1,3,4,5,6,2,"","Yesterday to get ",0.821175246599086,"(2) 30–49","(3) 4-yr / post-graduate degree","(1) Male","(2) ≥ $50,000","(1) White","(4) Western"
"1154","spanish_scale",3,"MODERATE",30,30,30,1,45,40,35,2,"","I had no idea moderate meant widespread severe storms, and it's the second highest. Labeling it as high better fits the definition. ",0.553557065661818,"(1) 18–29","(2) Some college / 2-yr degree","(1) Male","(1) < $50,000","(3) Hispanic","(2) Southern"
"1155","likert_scale",5,"VERY HIGH",100,100,90,3,100,100,90,1,"Either scale would be good and ok to understand. I am just use to the current scale","",0.853800592401998,"(3) 50–64","(1) HS or less","(2) Female","(1) < $50,000","(1) White","(2) Southern"
"1156","levels_scale",5,"LEVEL 5 OF 5",50,100,100,5,50,40,100,1,"Easier understanding ","",1.88757522057982,"(3) 50–64","(2) Some college / 2-yr degree","(1) Male","(2) ≥ $50,000","(3) Hispanic","(1) Eastern"
"1157","current_scale",2,"SLIGHT",70,80,73,5,50,70,70,NA,"","",0.821175246599086,"(2) 30–49","(3) 4-yr / post-graduate degree","(1) Male","(2) ≥ $50,000","(1) White","(4) Western"
"1158","levels_scale",5,"LEVEL 5 OF 5",0,0,0,1,0,0,0,3,"","",0.892813099415454,"(2) 30–49","(1) HS or less","(1) Male","(1) < $50,000","(1) White","(2) Southern"
"1159","likert_scale",2,"LOW",30,20,30,2,30,30,30,2,"","Is easy to understand for.me ",0.879333014973984,"(2) 30–49","(1) HS or less","(2) Female","(1) < $50,000","(3) Hispanic","(2) Southern"
"1160","levels_scale",3,"LEVEL 3 OF 5",90,90,90,5,80,80,80,2,"","Not at all ",1.06387884200212,"(2) 30–49","(3) 4-yr / post-graduate degree","(1) Male","(2) ≥ $50,000","(3) Hispanic","(1) Eastern"
"1161","likert_scale",3,"MEDIUM",25,75,100,5,25,25,50,1,"Easier to understand","",0.859002122986459,"(1) 18–29","(3) 4-yr / post-graduate degree","(2) Female","(2) ≥ $50,000","(3) Hispanic","(3) Central"
"1162","spanish_scale",2,"LOW",12,10,50,3,20,50,30,2,"","50",0.362490156072499,"(2) 30–49","(3) 4-yr / post-graduate degree","(1) Male","(1) < $50,000","(3) Hispanic","(4) Western"
"1163","current_scale",3,"ENHANCED",10,10,50,1,15,10,50,NA,"","",1.19020810350156,"(3) 50–64","(2) Some college / 2-yr degree","(2) Female","(2) ≥ $50,000","(1) White","(1) Eastern"
"1164","likert_scale",5,"VERY HIGH",100,100,100,4,100,100,100,3,"","",0.420383997177623,"(3) 50–64","(2) Some college / 2-yr degree","(2) Female","(1) < $50,000","(1) White","(1) Eastern"
"1165","levels_scale",5,"LEVEL 5 OF 5",80,76,5,5,96,88,5,3,"","",0.834977241168367,"(3) 50–64","(3) 4-yr / post-graduate degree","(2) Female","(2) ≥ $50,000","(1) White","(3) Central"
"1166","levels_scale",4,"LEVEL 4 OF 5",85,95,100,5,100,100,100,2,"","Using numbers is more straight forward than words; easier to understand.",0.420383997177623,"(3) 50–64","(2) Some college / 2-yr degree","(2) Female","(1) < $50,000","(1) White","(1) Eastern"
"1167","levels_scale",1,"LEVEL 1 OF 5",5,65,80,4,10,12,10,3,"","",0.405533698165393,"(3) 50–64","(2) Some college / 2-yr degree","(2) Female","(1) < $50,000","(1) White","(4) Western"
"1168","current_scale",5,"HIGH",95,95,100,5,100,100,100,NA,"","",0.346422433109311,"(2) 30–49","(2) Some college / 2-yr degree","(2) Female","(1) < $50,000","(1) White","(1) Eastern"
"1169","levels_scale",4,"LEVEL 4 OF 5",50,25,50,2,50,50,50,3,"","",2.65026580270081,"(3) 50–64","(3) 4-yr / post-graduate degree","(1) Male","(2) ≥ $50,000","(4) Other","(3) Central"
"1170","current_scale",1,"MARGINAL ",50,50,50,2,80,50,80,NA,"","",0.43119114995348,"(3) 50–64","(2) Some college / 2-yr degree","(2) Female","(1) < $50,000","(1) White","(3) Central"
"1171","current_scale",3,"ENHANCED",55,30,70,5,50,60,70,NA,"","",2.02564958871814,"(2) 30–49","(1) HS or less","(2) Female","(2) ≥ $50,000","(1) White","(3) Central"
"1172","likert_scale",2,"LOW",50,50,50,2,50,50,50,2,"","Easier to understand",1.00491440094002,"(1) 18–29","(2) Some college / 2-yr degree","(2) Female","(2) ≥ $50,000","(1) White","(3) Central"
"1173","spanish_scale",3,"MODERATE",0,0,0,4,50,50,50,2,"","Better wording ",0.450893464418237,"(2) 30–49","(2) Some college / 2-yr degree","(1) Male","(1) < $50,000","(1) White","(3) Central"
"1174","likert_scale",2,"LOW",0,0,0,1,0,0,0,1,"more descriptive","",0.834977241168367,"(3) 50–64","(3) 4-yr / post-graduate degree","(2) Female","(2) ≥ $50,000","(1) White","(3) Central"
"1175","current_scale",2,"SLIGHT",5,1,10,1,100,100,100,NA,"","",0.868215950652237,"(3) 50–64","(1) HS or less","(2) Female","(1) < $50,000","(1) White","(3) Central"
"1176","levels_scale",2,"LEVEL 2 OF 5",60,65,80,1,40,55,85,1,"A numerical scale can be confusing because you might think a 1 is worse than 5","",0.670827421916364,"(2) 30–49","(3) 4-yr / post-graduate degree","(2) Female","(2) ≥ $50,000","(1) White","(1) Eastern"
"1177","likert_scale",2,"LOW",5,0,100,1,5,10,100,2,"","The wording makes more sense and easier to relate the risk.",0.821113759331623,"(3) 50–64","(3) 4-yr / post-graduate degree","(2) Female","(2) ≥ $50,000","(1) White","(2) Southern"
"1178","spanish_scale",1,"MINIMAL",20,20,80,3,50,60,80,1,"Wording seems more appropriate in the current scale ","",0.814049801886174,"(3) 50–64","(3) 4-yr / post-graduate degree","(2) Female","(2) ≥ $50,000","(1) White","(1) Eastern"
"1179","likert_scale",4,"HIGH",75,80,75,5,80,100,90,2,"","better explanation",1.90511602334301,"(2) 30–49","(1) HS or less","(2) Female","(2) ≥ $50,000","(1) White","(4) Western"
"1180","levels_scale",1,"LEVEL 1 OF 5",10,0,50,1,30,10,50,3,"","",0.834977241168367,"(3) 50–64","(3) 4-yr / post-graduate degree","(2) Female","(2) ≥ $50,000","(1) White","(3) Central"
"1181","current_scale",4,"MODERATE",40,20,5,1,75,85,80,NA,"","",1.50041830068626,"(3) 50–64","(2) Some college / 2-yr degree","(2) Female","(2) ≥ $50,000","(3) Hispanic","(2) Southern"
"1182","levels_scale",3,"LEVEL 3 OF 5",70,70,90,4,70,70,90,2,"","numbers ranges are more precise",0.533445977721088,"(3) 50–64","(2) Some college / 2-yr degree","(1) Male","(1) < $50,000","(1) White","(1) Eastern"
"1183","levels_scale",5,"LEVEL 5 OF 5",90,95,60,4,100,100,65,1,"I think words are more descriptive than numbers here","",1.04195172772436,"(3) 50–64","(3) 4-yr / post-graduate degree","(1) Male","(2) ≥ $50,000","(1) White","(2) Southern"
"1184","levels_scale",1,"LEVEL 1 OF 5",20,10,100,2,10,10,100,1,"Because the words are more descriptive then the levels, easier to understand","",2.41731462347251,"(3) 50–64","(1) HS or less","(2) Female","(2) ≥ $50,000","(1) White","(2) Southern"
"1185","spanish_scale",2,"LOW",10,0,80,2,30,10,20,3,"","",2.39651871372381,"(3) 50–64","(1) HS or less","(2) Female","(2) ≥ $50,000","(1) White","(1) Eastern"
"1186","likert_scale",2,"LOW",40,30,70,4,20,5,1,1,"Seems more concise without being too descriptive","",1.05954378325614,"(3) 50–64","(3) 4-yr / post-graduate degree","(1) Male","(2) ≥ $50,000","(1) White","(3) Central"
"1187","likert_scale",5,"VERY HIGH",9,10,3,1,9,10,3,2,"","It seems to be to be most understandable in regards of how severe it really will be and I don't really agree with the definitions because isolated severe storms can be a very high risk.",0.290019101088164,"(3) 50–64","(3) 4-yr / post-graduate degree","(2) Female","(1) < $50,000","(1) White","(2) Southern"
"1188","current_scale",5,"HIGH",95,100,95,5,100,100,100,NA,"","",0.846455433484509,"(3) 50–64","(1) HS or less","(2) Female","(1) < $50,000","(1) White","(1) Eastern"
"1189","spanish_scale",3,"MODERATE",45,60,20,3,30,20,10,2,"","More straightforward terminology",0.676648560071154,"(2) 30–49","(3) 4-yr / post-graduate degree","(2) Female","(2) ≥ $50,000","(1) White","(2) Southern"
"1190","current_scale",4,"MODERATE",70,80,90,2,70,80,90,NA,"","",1.52341955851049,"(3) 50–64","(2) Some college / 2-yr degree","(1) Male","(2) ≥ $50,000","(1) White","(2) Southern"
"1191","current_scale",4,"MODERATE",50,45,50,1,80,90,95,NA,"","",0.676648560071154,"(2) 30–49","(3) 4-yr / post-graduate degree","(2) Female","(2) ≥ $50,000","(1) White","(2) Southern"
"1192","levels_scale",1,"LEVEL 1 OF 5",2,1,4,3,4,2,3,1,"Level 1 to 5","",0.850310904069533,"(1) 18–29","(3) 4-yr / post-graduate degree","(1) Male","(2) ≥ $50,000","(1) White","(1) Eastern"
"1193","likert_scale",4,"HIGH",50,70,8,4,30,20,20,2,"","Good ",0.821175246599086,"(2) 30–49","(3) 4-yr / post-graduate degree","(1) Male","(2) ≥ $50,000","(1) White","(4) Western"
"1194","levels_scale",3,"LEVEL 3 OF 5",100,100,100,3,100,100,100,1,"It’s easier to read","",0.816553923502767,"(3) 50–64","(1) HS or less","(2) Female","(1) < $50,000","(1) White","(4) Western"
"1195","spanish_scale",4,"HIGH",90,90,90,1,70,70,70,2,"","It’s more visual",0.349428530918024,"(2) 30–49","(2) Some college / 2-yr degree","(2) Female","(1) < $50,000","(1) White","(2) Southern"
"1196","spanish_scale",2,"LOW",100,100,90,4,100,90,90,1,"Just as a result is the same thing that the best ","",0.420383997177623,"(3) 50–64","(2) Some college / 2-yr degree","(2) Female","(1) < $50,000","(1) White","(1) Eastern"
"1197","likert_scale",4,"HIGH",75,50,60,5,80,100,50,1,"I don’t know ","",1.97487975130846,"(2) 30–49","(1) HS or less","(2) Female","(2) ≥ $50,000","(1) White","(1) Eastern"
"1198","likert_scale",5,"VERY HIGH",70,50,50,5,80,50,50,3,"","",0.420383997177623,"(3) 50–64","(2) Some college / 2-yr degree","(2) Female","(1) < $50,000","(1) White","(1) Eastern"
"1199","levels_scale",5,"LEVEL 5 OF 5",100,100,100,5,100,100,100,1,"","",0.420383997177623,"(3) 50–64","(2) Some college / 2-yr degree","(2) Female","(1) < $50,000","(1) White","(1) Eastern"
"1200","current_scale",2,"SLIGHT",40,50,50,NA,50,50,50,NA,"","",1.148163338852,"(3) 50–64","(2) Some college / 2-yr degree","(2) Female","(2) ≥ $50,000","(1) White","(4) Western"
"1201","spanish_scale",1,"MINIMAL",20,15,50,2,2,5,100,2,"","It just flows better to me",0.879333014973984,"(2) 30–49","(1) HS or less","(2) Female","(1) < $50,000","(3) Hispanic","(2) Southern"
"1202","likert_scale",2,"LOW",0,5,5,1,10,0,100,1,"Its most up to date because its current.","",2.39651871372381,"(3) 50–64","(1) HS or less","(2) Female","(2) ≥ $50,000","(1) White","(1) Eastern"
"1203","likert_scale",5,"VERY HIGH",25,10,75,5,30,10,80,2,"","An experimental scale is showing you where and how bad it can be. ",0.349044688719138,"(1) 18–29","(2) Some college / 2-yr degree","(2) Female","(1) < $50,000","(1) White","(2) Southern"
"1204","levels_scale",3,"LEVEL 3 OF 5",15,15,15,4,10,10,10,2,"","Easier to understand ",0.676648560071154,"(2) 30–49","(3) 4-yr / post-graduate degree","(2) Female","(2) ≥ $50,000","(1) White","(2) Southern"
"1205","levels_scale",2,"LEVEL 2 OF 5",30,40,60,3,40,30,30,3,"","",2.02564958871814,"(2) 30–49","(1) HS or less","(2) Female","(2) ≥ $50,000","(1) White","(3) Central"
"1206","likert_scale",5,"VERY HIGH",20,20,80,2,20,20,80,2,"","It gives a better description of probability ",1.22080574969163,"(3) 50–64","(2) Some college / 2-yr degree","(2) Female","(2) ≥ $50,000","(1) White","(3) Central"
"1207","current_scale",3,"ENHANCED",100,100,100,5,100,100,100,NA,"","",0.424031900119101,"(3) 50–64","(2) Some college / 2-yr degree","(2) Female","(1) < $50,000","(1) White","(2) Southern"
"1208","current_scale",5,"HIGH",50,60,55,4,80,75,70,NA,"","",0.36485350015957,"(3) 50–64","(3) 4-yr / post-graduate degree","(1) Male","(1) < $50,000","(1) White","(1) Eastern"
"1209","current_scale",4,"MODERATE",40,60,65,3,45,55,55,NA,"","",0.858632714670656,"(2) 30–49","(3) 4-yr / post-graduate degree","(1) Male","(2) ≥ $50,000","(1) White","(2) Southern"
"1210","likert_scale",1,"VERY LOW",100,100,100,3,100,100,100,1,"It more safe","",0.821175246599086,"(2) 30–49","(3) 4-yr / post-graduate degree","(1) Male","(2) ≥ $50,000","(1) White","(4) Western"
"1211","current_scale",1,"MARGINAL ",70,100,100,3,50,50,50,NA,"","",0.349428530918024,"(2) 30–49","(2) Some college / 2-yr degree","(2) Female","(1) < $50,000","(1) White","(2) Southern"
"1212","likert_scale",2,"LOW",45,100,10,1,25,100,50,1,"More detailed","",0.816553923502767,"(3) 50–64","(1) HS or less","(2) Female","(1) < $50,000","(1) White","(4) Western"
"1213","levels_scale",1,"LEVEL 1 OF 5",50,50,50,1,30,30,30,2,"","I like the number system better it seems more meaningful to me. What does moderate mean?",2.31186035439963,"(3) 50–64","(1) HS or less","(2) Female","(2) ≥ $50,000","(1) White","(4) Western"
"1214","levels_scale",3,"LEVEL 3 OF 5",100,100,100,3,50,50,50,1,"It's more right ","",0.989316129742098,"(2) 30–49","(2) Some college / 2-yr degree","(2) Female","(2) ≥ $50,000","(1) White","(2) Southern"
"1215","spanish_scale",5,"EXTREME",60,70,75,3,5,5,5,3,"","",0.814049801886174,"(3) 50–64","(3) 4-yr / post-graduate degree","(2) Female","(2) ≥ $50,000","(1) White","(1) Eastern"
"1216","levels_scale",2,"LEVEL 2 OF 5",20,10,50,1,20,10,70,1,"Words Ardmore aligned with what I know","",1.148163338852,"(3) 50–64","(2) Some college / 2-yr degree","(2) Female","(2) ≥ $50,000","(1) White","(4) Western"
"1217","spanish_scale",2,"LOW",30,70,100,2,20,20,100,2,"","I think the verbiage would be easier for most people to understand. ",1.00601949884243,"(2) 30–49","(2) Some college / 2-yr degree","(2) Female","(2) ≥ $50,000","(1) White","(3) Central"
"1218","levels_scale",4,"LEVEL 4 OF 5",90,80,90,3,95,90,90,2,"","Numbers are easier for me to understand then words",0.697531668082035,"(2) 30–49","(1) HS or less","(2) Female","(1) < $50,000","(1) White","(1) Eastern"
"1219","likert_scale",4,"HIGH",85,85,85,3,75,75,75,1,"It's easier to read and understand","",0.851245985500946,"(2) 30–49","(3) 4-yr / post-graduate degree","(1) Male","(2) ≥ $50,000","(1) White","(1) Eastern"
"1220","current_scale",1,"MARGINAL ",50,85,100,1,25,25,100,NA,"","",0.346422433109311,"(2) 30–49","(2) Some college / 2-yr degree","(2) Female","(1) < $50,000","(1) White","(1) Eastern"
"1221","spanish_scale",2,"LOW",50,50,75,1,20,30,75,2,"","Easier to interpret what is meant ",1.97487975130846,"(2) 30–49","(1) HS or less","(2) Female","(2) ≥ $50,000","(1) White","(1) Eastern"
"1222","levels_scale",4,"LEVEL 4 OF 5",99,99,100,5,100,100,100,2,"","gives you room to work with",0.36485350015957,"(3) 50–64","(3) 4-yr / post-graduate degree","(1) Male","(1) < $50,000","(1) White","(1) Eastern"
"1223","spanish_scale",2,"LOW",50,50,50,2,25,25,25,1,"Less to read and more concise ","",1.43496322352499,"(3) 50–64","(2) Some college / 2-yr degree","(2) Female","(2) ≥ $50,000","(3) Hispanic","(4) Western"
"1224","current_scale",5,"HIGH",90,100,75,5,100,100,90,NA,"","",0.424031900119101,"(3) 50–64","(2) Some college / 2-yr degree","(2) Female","(1) < $50,000","(1) White","(2) Southern"
"1225","spanish_scale",3,"MODERATE",60,50,50,1,100,100,100,2,"","for me its more detailed and you can understand it better",0.420383997177623,"(3) 50–64","(2) Some college / 2-yr degree","(2) Female","(1) < $50,000","(1) White","(1) Eastern"
"1226","levels_scale",1,"LEVEL 1 OF 5",25,10,80,2,25,10,80,3,"","",0.424031900119101,"(3) 50–64","(2) Some college / 2-yr degree","(2) Female","(1) < $50,000","(1) White","(2) Southern"
"1227","levels_scale",4,"LEVEL 4 OF 5",100,100,100,4,75,50,100,2,"","Gives a better visual ",0.354937873003626,"(1) 18–29","(2) Some college / 2-yr degree","(2) Female","(1) < $50,000","(1) White","(3) Central"
"1228","spanish_scale",1,"MINIMAL",10,10,80,1,10,10,75,2,"","I understand those words better",0.814049801886174,"(3) 50–64","(3) 4-yr / post-graduate degree","(2) Female","(2) ≥ $50,000","(1) White","(1) Eastern"
"1229","likert_scale",2,"LOW",25,10,90,2,15,10,90,2,"","More relatable terms",1.2005361932264,"(3) 50–64","(2) Some college / 2-yr degree","(2) Female","(2) ≥ $50,000","(1) White","(2) Southern"
"1230","levels_scale",2,"LEVEL 2 OF 5",30,10,90,1,40,10,99,1,"Gives you the level","",0.868215950652237,"(3) 50–64","(1) HS or less","(2) Female","(1) < $50,000","(1) White","(3) Central"
"1231","levels_scale",2,"LEVEL 2 OF 5",25,20,20,5,10,10,10,2,"","it lets you know how big of a chance storm will occur",0.368019534464816,"(3) 50–64","(3) 4-yr / post-graduate degree","(1) Male","(1) < $50,000","(1) White","(2) Southern"
"1232","likert_scale",2,"LOW",100,100,100,3,100,100,100,1,"No","",0.420383997177623,"(3) 50–64","(2) Some college / 2-yr degree","(2) Female","(1) < $50,000","(1) White","(1) Eastern"
"1233","current_scale",4,"MODERATE",50,50,50,4,95,90,98,NA,"","",2.39651871372381,"(3) 50–64","(1) HS or less","(2) Female","(2) ≥ $50,000","(1) White","(1) Eastern"
"1234","current_scale",5,"HIGH",75,75,75,2,100,100,100,NA,"","",1.02629672892791,"(2) 30–49","(3) 4-yr / post-graduate degree","(1) Male","(2) ≥ $50,000","(3) Hispanic","(4) Western"
"1235","levels_scale",1,"LEVEL 1 OF 5",5,0,50,5,50,50,50,3,"","",0.538074981594484,"(3) 50–64","(2) Some college / 2-yr degree","(1) Male","(1) < $50,000","(1) White","(2) Southern"
"1236","spanish_scale",3,"MODERATE",80,90,100,3,50,60,70,1,"It is easy to understand the storms coming ","",1.22080574969163,"(3) 50–64","(2) Some college / 2-yr degree","(2) Female","(2) ≥ $50,000","(1) White","(3) Central"
"1237","spanish_scale",5,"EXTREME",5,6,7,4,100,100,100,2,"","The words ""marginal"" and ""enhanced"" may not make sense to laypeople.",0.989316129742098,"(2) 30–49","(2) Some college / 2-yr degree","(2) Female","(2) ≥ $50,000","(1) White","(2) Southern"
"1238","spanish_scale",2,"LOW",50,60,75,5,70,60,70,3,"","",1.0834296615727,"(3) 50–64","(1) HS or less","(1) Male","(1) < $50,000","(1) White","(2) Southern"
"1239","levels_scale",3,"LEVEL 3 OF 5",5,2,4,5,3,1,3,3,"","",0.868215950652237,"(3) 50–64","(1) HS or less","(2) Female","(1) < $50,000","(1) White","(3) Central"
"1240","likert_scale",2,"LOW",50,70,80,2,50,50,60,2,"","Wonderful experience ",1.02629672892791,"(2) 30–49","(3) 4-yr / post-graduate degree","(1) Male","(2) ≥ $50,000","(3) Hispanic","(4) Western"
"1241","likert_scale",2,"LOW",50,80,90,2,40,50,70,2,"","Broke down more for areas",1.19020810350156,"(3) 50–64","(2) Some college / 2-yr degree","(2) Female","(2) ≥ $50,000","(1) White","(1) Eastern"
"1242","likert_scale",1,"VERY LOW",10,10,30,1,0,0,5,2,"","More clear",0.346422433109311,"(2) 30–49","(2) Some college / 2-yr degree","(2) Female","(1) < $50,000","(1) White","(1) Eastern"
"1243","current_scale",5,"HIGH",45,40,100,5,100,100,80,NA,"","",0.696765439610176,"(1) 18–29","(1) HS or less","(2) Female","(1) < $50,000","(1) White","(1) Eastern"
"1244","levels_scale",1,"LEVEL 1 OF 5",1,1,5,4,2,100,100,1,"Is describes the storm types ","",0.989316129742098,"(2) 30–49","(2) Some college / 2-yr degree","(2) Female","(2) ≥ $50,000","(1) White","(2) Southern"
"1245","current_scale",2,"SLIGHT",3,23,67,4,34,12,90,NA,"","",2.53163688928213,"(2) 30–49","(1) HS or less","(2) Female","(2) ≥ $50,000","(3) Hispanic","(3) Central"
"1246","likert_scale",4,"HIGH",0,0,0,5,0,0,0,1,"not really","",0.853800592401998,"(3) 50–64","(1) HS or less","(2) Female","(1) < $50,000","(1) White","(2) Southern"
"1247","levels_scale",3,"LEVEL 3 OF 5",100,100,100,4,100,100,100,1,"Because it's more detailed  by steps of the storm like slight, or enhanced ","",0.834977241168367,"(3) 50–64","(3) 4-yr / post-graduate degree","(2) Female","(2) ≥ $50,000","(1) White","(3) Central"
"1248","likert_scale",3,"MEDIUM",100,100,100,5,100,100,100,2,"","Because to a lot of people know, medium and high or easier understood",0.846455433484509,"(3) 50–64","(1) HS or less","(2) Female","(1) < $50,000","(1) White","(1) Eastern"
"1249","levels_scale",1,"LEVEL 1 OF 5",100,100,100,1,100,100,100,2,"","It directly indicate the level of danger in specific scale",1.67795895168694,"(2) 30–49","(3) 4-yr / post-graduate degree","(2) Female","(2) ≥ $50,000","(4) Other","(1) Eastern"
"1250","current_scale",5,"HIGH",85,90,80,4,70,90,75,NA,"","",0.697531668082035,"(2) 30–49","(1) HS or less","(2) Female","(1) < $50,000","(1) White","(1) Eastern"
"1251","current_scale",2,"SLIGHT",50,60,40,5,60,50,40,NA,"","",0.851245985500946,"(2) 30–49","(3) 4-yr / post-graduate degree","(1) Male","(2) ≥ $50,000","(1) White","(1) Eastern"
"1252","current_scale",3,"ENHANCED",75,95,90,3,80,90,85,NA,"","",0.290019101088164,"(3) 50–64","(3) 4-yr / post-graduate degree","(2) Female","(1) < $50,000","(1) White","(2) Southern"
"1253","levels_scale",4,"LEVEL 4 OF 5",90,90,90,4,90,90,90,2,"","Moderate to me would mean not much risk, enhanced is unclear",0.821113759331623,"(3) 50–64","(3) 4-yr / post-graduate degree","(2) Female","(2) ≥ $50,000","(1) White","(2) Southern"
"1254","levels_scale",4,"LEVEL 4 OF 5",70,70,50,5,70,50,50,2,"","It seems more serious ",1.67795895168694,"(2) 30–49","(3) 4-yr / post-graduate degree","(2) Female","(2) ≥ $50,000","(4) Other","(1) Eastern"
"1255","spanish_scale",5,"EXTREME",50,50,50,5,50,50,50,2,"","Because that's the higher predictions ",2.02564958871814,"(2) 30–49","(1) HS or less","(2) Female","(2) ≥ $50,000","(1) White","(3) Central"
"1256","levels_scale",3,"LEVEL 3 OF 5",80,50,95,3,30,40,20,1,"it’s a great tool used, seems to be helpful to others ","",1.98982866630834,"(1) 18–29","(1) HS or less","(2) Female","(2) ≥ $50,000","(1) White","(2) Southern"
"1257","current_scale",2,"SLIGHT",70,80,90,1,30,30,30,NA,"","",0.858632714670656,"(2) 30–49","(3) 4-yr / post-graduate degree","(1) Male","(2) ≥ $50,000","(1) White","(2) Southern"
"1258","levels_scale",5,"LEVEL 5 OF 5",50,100,50,5,100,100,50,1,"Because it tells you the e risk, people may not know what the numbers mean.","",0.424031900119101,"(3) 50–64","(2) Some college / 2-yr degree","(2) Female","(1) < $50,000","(1) White","(2) Southern"
"1259","levels_scale",2,"LEVEL 2 OF 5",2,2,2,5,2,2,2,2,"","good",1.05954378325614,"(3) 50–64","(3) 4-yr / post-graduate degree","(1) Male","(2) ≥ $50,000","(1) White","(3) Central"
"1260","current_scale",4,"MODERATE",40,30,60,5,60,60,60,NA,"","",0.236937651669409,"(2) 30–49","(3) 4-yr / post-graduate degree","(2) Female","(1) < $50,000","(1) White","(1) Eastern"
"1261","likert_scale",4,"HIGH",70,90,60,5,95,100,90,2,"","The words are simpler to remember and recall",0.979727744259363,"(1) 18–29","(2) Some college / 2-yr degree","(2) Female","(2) ≥ $50,000","(1) White","(1) Eastern"
"1262","spanish_scale",2,"LOW",0,0,0,1,0,0,0,3,"","",0.420383997177623,"(3) 50–64","(2) Some college / 2-yr degree","(2) Female","(1) < $50,000","(1) White","(1) Eastern"
"1263","likert_scale",2,"LOW",30,0,70,4,60,60,100,2,"","Easier to interpret ",0.346422433109311,"(2) 30–49","(2) Some college / 2-yr degree","(2) Female","(1) < $50,000","(1) White","(1) Eastern"
"1264","levels_scale",1,"LEVEL 1 OF 5",45,57,45,4,56,46,53,2,"","Ghhh",1.24322483240504,"(1) 18–29","(2) Some college / 2-yr degree","(1) Male","(2) ≥ $50,000","(1) White","(1) Eastern"
"1265","spanish_scale",4,"HIGH",95,95,90,1,95,99,90,2,"","Experimental words seem more understandable and have more of an impact (my personal opinion)",0.287524096510331,"(3) 50–64","(3) 4-yr / post-graduate degree","(2) Female","(1) < $50,000","(1) White","(1) Eastern"
"1266","likert_scale",3,"MEDIUM",90,85,70,3,89,87,90,1,"Because The current scale civer another of things than the experiment and even more useful than the experiment scale","",0.858632714670656,"(2) 30–49","(3) 4-yr / post-graduate degree","(1) Male","(2) ≥ $50,000","(1) White","(2) Southern"
"1267","likert_scale",4,"HIGH",90,95,50,4,80,90,50,1,"I think it is in the terminology. The current scale is easier to understand ","",1.97487975130846,"(2) 30–49","(1) HS or less","(2) Female","(2) ≥ $50,000","(1) White","(1) Eastern"
"1268","levels_scale",4,"LEVEL 4 OF 5",10,50,50,3,20,20,30,1,"The first time you have a problem is if you’re going ","",0.851245985500946,"(2) 30–49","(3) 4-yr / post-graduate degree","(1) Male","(2) ≥ $50,000","(1) White","(1) Eastern"
"1269","likert_scale",4,"HIGH",50,60,75,5,60,50,75,1,"Easier to understand in writing than on a colored map","",0.697531668082035,"(2) 30–49","(1) HS or less","(2) Female","(1) < $50,000","(1) White","(1) Eastern"
"1270","likert_scale",5,"VERY HIGH",80,75,85,4,50,30,30,1,"The words they use just convey it better than the other one","",0.988229380249616,"(1) 18–29","(2) Some college / 2-yr degree","(2) Female","(2) ≥ $50,000","(1) White","(2) Southern"
"1271","likert_scale",2,"LOW",70,80,70,4,50,50,50,2,"","Seems more advanced",0.715463681083415,"(2) 30–49","(1) HS or less","(2) Female","(1) < $50,000","(1) White","(3) Central"
"1272","levels_scale",3,"LEVEL 3 OF 5",0,0,0,2,0,0,0,3,"","",0.714677754554037,"(1) 18–29","(1) HS or less","(2) Female","(1) < $50,000","(1) White","(3) Central"
"1273","likert_scale",2,"LOW",50,50,50,3,10,10,100,3,"","",0.333817770317522,"(1) 18–29","(2) Some college / 2-yr degree","(2) Female","(1) < $50,000","(1) White","(4) Western"
"1274","current_scale",2,"SLIGHT",40,25,99,2,25,25,10,NA,"","",1.148163338852,"(3) 50–64","(2) Some college / 2-yr degree","(2) Female","(2) ≥ $50,000","(1) White","(4) Western"
"1275","levels_scale",4,"LEVEL 4 OF 5",100,100,100,4,50,50,50,2,"","Their are storms that can produce tornadoes ",0.83839349960829,"(2) 30–49","(3) 4-yr / post-graduate degree","(2) Female","(2) ≥ $50,000","(3) Hispanic","(1) Eastern"
"1276","spanish_scale",4,"HIGH",10,5,10,5,60,60,60,2,"","It sounds better",0.846455433484509,"(3) 50–64","(1) HS or less","(2) Female","(1) < $50,000","(1) White","(1) Eastern"
"1277","likert_scale",4,"HIGH",30,100,100,4,80,80,90,1,"One is not more helpful than the other, they are both helpful","",0.676648560071154,"(2) 30–49","(3) 4-yr / post-graduate degree","(2) Female","(2) ≥ $50,000","(1) White","(2) Southern"
"1278","current_scale",2,"SLIGHT",2,0,75,2,10,0,75,NA,"","",0.346422433109311,"(2) 30–49","(2) Some college / 2-yr degree","(2) Female","(1) < $50,000","(1) White","(1) Eastern"
"1279","levels_scale",5,"LEVEL 5 OF 5",100,95,95,5,100,100,100,2,"","The current scale doesn't exactly exactly explain the true definition. ",1.2005361932264,"(3) 50–64","(2) Some college / 2-yr degree","(2) Female","(2) ≥ $50,000","(1) White","(2) Southern"
"1280","levels_scale",5,"LEVEL 5 OF 5",100,100,70,5,100,100,70,1,"it's self explanatory while the 1 of 5 scale is more vague","",0.979727744259363,"(1) 18–29","(2) Some college / 2-yr degree","(2) Female","(2) ≥ $50,000","(1) White","(1) Eastern"
"1281","likert_scale",4,"HIGH",5,5,5,3,5,5,5,1,"It's helpful ","",0.715463681083415,"(2) 30–49","(1) HS or less","(2) Female","(1) < $50,000","(1) White","(3) Central"
"1282","levels_scale",3,"LEVEL 3 OF 5",65,65,45,5,90,95,70,3,"","",0.374233085356684,"(3) 50–64","(3) 4-yr / post-graduate degree","(1) Male","(1) < $50,000","(1) White","(3) Central"
"1283","spanish_scale",5,"EXTREME",90,90,90,4,90,90,99,2,"","More descriptive  language used",1.99201686809272,"(2) 30–49","(1) HS or less","(2) Female","(2) ≥ $50,000","(1) White","(2) Southern"
"1284","levels_scale",4,"LEVEL 4 OF 5",70,100,100,3,100,100,90,1,"Might not remember what scale of numbers means","",0.68807292717717,"(2) 30–49","(3) 4-yr / post-graduate degree","(2) Female","(2) ≥ $50,000","(1) White","(3) Central"
"1285","current_scale",1,"MARGINAL ",35,30,40,1,25,20,30,NA,"","",1.2005361932264,"(3) 50–64","(2) Some college / 2-yr degree","(2) Female","(2) ≥ $50,000","(1) White","(2) Southern"
"1286","levels_scale",4,"LEVEL 4 OF 5",1,1,1,5,3,2,3,2,"","You have a good day at work and I don't ",0.333817770317522,"(1) 18–29","(2) Some college / 2-yr degree","(2) Female","(1) < $50,000","(1) White","(4) Western"
"1287","spanish_scale",5,"EXTREME",75,70,65,3,90,90,85,2,"","Better wording",0.349428530918024,"(2) 30–49","(2) Some college / 2-yr degree","(2) Female","(1) < $50,000","(1) White","(2) Southern"
"1288","levels_scale",3,"LEVEL 3 OF 5",85,75,75,3,75,75,65,2,"","I'm a numbers person. ",0.43119114995348,"(3) 50–64","(2) Some college / 2-yr degree","(2) Female","(1) < $50,000","(1) White","(3) Central"
"1289","spanish_scale",2,"LOW",90,100,90,1,0,0,0,3,"","",1.99201686809272,"(2) 30–49","(1) HS or less","(2) Female","(2) ≥ $50,000","(1) White","(2) Southern"
"1290","likert_scale",2,"LOW",50,25,75,2,10,0,100,2,"","Short, concise, easy understood descriptions",1.00491440094002,"(1) 18–29","(2) Some college / 2-yr degree","(2) Female","(2) ≥ $50,000","(1) White","(3) Central"
"1291","current_scale",1,"MARGINAL ",100,100,100,3,100,100,100,NA,"","",0.846455433484509,"(3) 50–64","(1) HS or less","(2) Female","(1) < $50,000","(1) White","(1) Eastern"
"1292","levels_scale",2,"LEVEL 2 OF 5",100,100,100,3,50,75,75,2,"","Can understand it better",0.846455433484509,"(3) 50–64","(1) HS or less","(2) Female","(1) < $50,000","(1) White","(1) Eastern"
"1293","levels_scale",3,"LEVEL 3 OF 5",0,0,0,1,50,25,25,1,"Experimental requires prior knowledge but the current you could tell me any of the levels and I could guess at a glance how important it is.","",0.354937873003626,"(1) 18–29","(2) Some college / 2-yr degree","(2) Female","(1) < $50,000","(1) White","(3) Central"
"1294","likert_scale",1,"VERY LOW",0,0,0,1,1,0,0,1,"Easy to understand ","",0.868215950652237,"(3) 50–64","(1) HS or less","(2) Female","(1) < $50,000","(1) White","(3) Central"
"1295","spanish_scale",5,"EXTREME",50,60,70,2,50,60,60,2,"","No",0.242761836648949,"(1) 18–29","(3) 4-yr / post-graduate degree","(2) Female","(1) < $50,000","(1) White","(3) Central"
"1296","likert_scale",4,"HIGH",80,80,95,5,90,95,90,2,"","Terminology is clearer",0.670827421916364,"(2) 30–49","(3) 4-yr / post-graduate degree","(2) Female","(2) ≥ $50,000","(1) White","(1) Eastern"
"1297","levels_scale",3,"LEVEL 3 OF 5",4,9,10,2,5,5,6,2,"","5",1.99201686809272,"(2) 30–49","(1) HS or less","(2) Female","(2) ≥ $50,000","(1) White","(2) Southern"
"1298","likert_scale",2,"LOW",0,1,100,1,0,1,100,3,"","",0.420383997177623,"(3) 50–64","(2) Some college / 2-yr degree","(2) Female","(1) < $50,000","(1) White","(1) Eastern"
"1299","current_scale",1,"MARGINAL ",100,100,100,3,30,30,30,NA,"","",0.853800592401998,"(3) 50–64","(1) HS or less","(2) Female","(1) < $50,000","(1) White","(2) Southern"
"1300","levels_scale",5,"LEVEL 5 OF 5",100,100,100,1,100,100,100,2,"","Very clear and large print",0.670827421916364,"(2) 30–49","(3) 4-yr / post-graduate degree","(2) Female","(2) ≥ $50,000","(1) White","(1) Eastern"
"1301","current_scale",5,"HIGH",95,95,95,2,100,100,100,NA,"","",0.287524096510331,"(3) 50–64","(3) 4-yr / post-graduate degree","(2) Female","(1) < $50,000","(1) White","(1) Eastern"
"1302","levels_scale",1,"LEVEL 1 OF 5",30,30,40,1,70,80,90,2,"","It's less confusing ",0.868215950652237,"(3) 50–64","(1) HS or less","(2) Female","(1) < $50,000","(1) White","(3) Central"
"1303","levels_scale",3,"LEVEL 3 OF 5",1,3,3,2,25,25,50,2,"","Tihgghj",0.676648560071154,"(2) 30–49","(3) 4-yr / post-graduate degree","(2) Female","(2) ≥ $50,000","(1) White","(2) Southern"
"1304","spanish_scale",5,"EXTREME",0,0,100,5,0,0,100,1,"See all the time ","",1.04195172772436,"(3) 50–64","(3) 4-yr / post-graduate degree","(1) Male","(2) ≥ $50,000","(1) White","(2) Southern"
"1305","likert_scale",1,"VERY LOW",25,10,95,2,20,10,95,2,"","I think changing high to very high is really important. ",0.290019101088164,"(3) 50–64","(3) 4-yr / post-graduate degree","(2) Female","(1) < $50,000","(1) White","(2) Southern"
"1306","likert_scale",5,"VERY HIGH",80,90,90,4,90,90,90,2,"","Clearer words and the scale makes more sense ",1.2005361932264,"(3) 50–64","(2) Some college / 2-yr degree","(2) Female","(2) ≥ $50,000","(1) White","(2) Southern"
"1307","current_scale",4,"MODERATE",30,0,10,3,90,90,90,NA,"","",3.06744969227012,"(3) 50–64","(1) HS or less","(1) Male","(2) ≥ $50,000","(1) White","(2) Southern"
"1308","current_scale",3,"ENHANCED",100,100,100,4,0,0,0,NA,"","",0.846455433484509,"(3) 50–64","(1) HS or less","(2) Female","(1) < $50,000","(1) White","(1) Eastern"
"1309","likert_scale",3,"MEDIUM",35,35,35,1,65,25,95,1,"details are more very specific about storm.","",0.374233085356684,"(3) 50–64","(3) 4-yr / post-graduate degree","(1) Male","(1) < $50,000","(1) White","(3) Central"
"1310","spanish_scale",5,"EXTREME",50,80,50,3,100,100,100,2,"","Simple terms",0.868215950652237,"(3) 50–64","(1) HS or less","(2) Female","(1) < $50,000","(1) White","(3) Central"
"1311","levels_scale",3,"LEVEL 3 OF 5",50,75,100,1,65,75,80,2,"","easier to tell what the weather is like",0.423597824996329,"(1) 18–29","(2) Some college / 2-yr degree","(1) Male","(1) < $50,000","(1) White","(4) Western"
"1312","current_scale",5,"HIGH",5,2,10,2,100,5,20,NA,"","",0.715463681083415,"(2) 30–49","(1) HS or less","(2) Female","(1) < $50,000","(1) White","(3) Central"
"1313","likert_scale",3,"MEDIUM",80,100,50,4,60,70,90,2,"","Seems to me that more people would understand this more simplistic, straight forward wording.",0.405533698165393,"(3) 50–64","(2) Some college / 2-yr degree","(2) Female","(1) < $50,000","(1) White","(4) Western"
"1314","spanish_scale",5,"EXTREME",90,95,80,5,100,100,100,2,"","The language is easier to understand ",0.676648560071154,"(2) 30–49","(3) 4-yr / post-graduate degree","(2) Female","(2) ≥ $50,000","(1) White","(2) Southern"
"1315","likert_scale",1,"VERY LOW",100,100,100,1,5,5,5,2,"","I feel like words such as ""Enhanced"" or ""Marginal"" are too subjective",0.785293038902763,"(3) 50–64","(3) 4-yr / post-graduate degree","(2) Female","(2) ≥ $50,000","(1) White","(4) Western"
"1316","spanish_scale",3,"MODERATE",65,50,80,1,65,50,80,2,"","Words make a difference and to the average person that just glances this will help",0.538074981594484,"(3) 50–64","(2) Some college / 2-yr degree","(1) Male","(1) < $50,000","(1) White","(2) Southern"
"1317","likert_scale",4,"HIGH",30,20,40,4,90,70,50,2,"","The ones used now are confusing. I would think inhanced is greater than moderate.",0.294915711934775,"(3) 50–64","(3) 4-yr / post-graduate degree","(2) Female","(1) < $50,000","(1) White","(3) Central"
"1318","current_scale",3,"ENHANCED",100,100,85,5,95,100,95,NA,"","",0.840048709399928,"(1) 18–29","(1) HS or less","(2) Female","(1) < $50,000","(3) Hispanic","(4) Western"
"1319","current_scale",1,"MARGINAL ",20,10,70,2,0,0,100,NA,"","",0.852926569488003,"(1) 18–29","(1) HS or less","(1) Male","(1) < $50,000","(1) White","(4) Western"
"1320","spanish_scale",4,"HIGH",60,90,100,4,70,90,95,2,"","Plainer language is easier for more people to understand ",0.243028800279098,"(2) 30–49","(3) 4-yr / post-graduate degree","(2) Female","(1) < $50,000","(1) White","(3) Central"
"1321","levels_scale",3,"LEVEL 3 OF 5",75,75,90,5,75,75,90,2,"","I like the numbers better than the words because it is easier to understand.",0.54715970663942,"(3) 50–64","(2) Some college / 2-yr degree","(1) Male","(1) < $50,000","(1) White","(3) Central"
"1322","spanish_scale",1,"MINIMAL",0,0,0,1,0,0,0,2,"","I understand it better",0.43119114995348,"(3) 50–64","(2) Some college / 2-yr degree","(2) Female","(1) < $50,000","(1) White","(3) Central"
"1323","levels_scale",5,"LEVEL 5 OF 5",100,100,100,5,100,100,100,2,"","It's not as ambiguous as the words in current scale",0.785293038902763,"(3) 50–64","(3) 4-yr / post-graduate degree","(2) Female","(2) ≥ $50,000","(1) White","(4) Western"
"1324","levels_scale",4,"LEVEL 4 OF 5",9,9,8,1,99,99,99,1,"It’s easier to understand ","",0.816553923502767,"(3) 50–64","(1) HS or less","(2) Female","(1) < $50,000","(1) White","(4) Western"
"1325","levels_scale",3,"LEVEL 3 OF 5",50,50,50,4,65,50,55,3,"","",0.672890973119661,"(2) 30–49","(1) HS or less","(2) Female","(1) < $50,000","(1) White","(4) Western"
"1326","likert_scale",3,"MEDIUM",0,0,100,2,10,10,10,1,"Better explained ","",0.35532819589936,"(2) 30–49","(2) Some college / 2-yr degree","(2) Female","(1) < $50,000","(1) White","(3) Central"
"1327","likert_scale",2,"LOW",0,0,50,2,0,0,50,3,"","",0.853800592401998,"(3) 50–64","(1) HS or less","(2) Female","(1) < $50,000","(1) White","(2) Southern"
"1328","current_scale",5,"HIGH",30,30,30,3,100,100,100,NA,"","",0.714677754554037,"(1) 18–29","(1) HS or less","(2) Female","(1) < $50,000","(1) White","(3) Central"
"1329","spanish_scale",2,"LOW",50,50,50,5,50,50,50,1,"no i cannot","",2.45812796631977,"(3) 50–64","(1) HS or less","(2) Female","(2) ≥ $50,000","(1) White","(3) Central"
"1330","spanish_scale",1,"MINIMAL",50,50,100,2,60,50,100,2,"","Enhanced is ambiguous while moderate seems morendifinitive",0.405533698165393,"(3) 50–64","(2) Some college / 2-yr degree","(2) Female","(1) < $50,000","(1) White","(4) Western"
"1331","levels_scale",5,"LEVEL 5 OF 5",75,100,50,4,90,100,50,2,"","As much as I love words, there's some room to misinterpret which order the current scale uses (Enhanced might be worse than Moderate, etc); numbering is more straightforward.",0.845668700695561,"(2) 30–49","(3) 4-yr / post-graduate degree","(2) Female","(2) ≥ $50,000","(3) Hispanic","(2) Southern"
"1332","current_scale",5,"HIGH",80,80,90,4,90,80,90,NA,"","",0.450893464418237,"(2) 30–49","(2) Some college / 2-yr degree","(1) Male","(1) < $50,000","(1) White","(3) Central"
"1333","levels_scale",2,"LEVEL 2 OF 5",50,50,50,3,50,75,50,1,"No person would understand the level of the thunderstorm.","",0.294915711934775,"(3) 50–64","(3) 4-yr / post-graduate degree","(2) Female","(1) < $50,000","(1) White","(3) Central"
"1334","levels_scale",3,"LEVEL 3 OF 5",50,50,60,4,60,65,70,1,"The current scale is more detail about each levels.","",1.52575099256078,"(3) 50–64","(2) Some college / 2-yr degree","(2) Female","(2) ≥ $50,000","(3) Hispanic","(3) Central"
"1335","levels_scale",3,"LEVEL 3 OF 5",75,85,85,2,50,50,85,1,"Easy to understand ","",0.238993689868471,"(2) 30–49","(3) 4-yr / post-graduate degree","(2) Female","(1) < $50,000","(1) White","(2) Southern"
"1336","spanish_scale",4,"HIGH",7,79,99,4,79,99,99,2,"","Words are simple and have a distinguishing level each . ",0.417660953452964,"(2) 30–49","(2) Some college / 2-yr degree","(2) Female","(1) < $50,000","(3) Hispanic","(4) Western"
"1337","levels_scale",3,"LEVEL 3 OF 5",50,95,100,3,50,95,100,1,"It shows where the extreme weather is and where it is headed.","",1.10172202029145,"(3) 50–64","(1) HS or less","(1) Male","(1) < $50,000","(1) White","(3) Central"
"1338","levels_scale",2,"LEVEL 2 OF 5",20,20,90,2,20,20,90,2,"","Numbers are better",0.821113759331623,"(3) 50–64","(3) 4-yr / post-graduate degree","(2) Female","(2) ≥ $50,000","(1) White","(2) Southern"
"1339","levels_scale",5,"LEVEL 5 OF 5",95,60,40,5,60,30,80,2,"","It shows locations on a map",0.405533698165393,"(3) 50–64","(2) Some college / 2-yr degree","(2) Female","(1) < $50,000","(1) White","(4) Western"
"1340","spanish_scale",4,"HIGH",50,50,50,5,90,90,90,2,"","seems more in line with the actual effect",1.45696106176616,"(3) 50–64","(2) Some college / 2-yr degree","(1) Male","(2) ≥ $50,000","(1) White","(4) Western"
"1341","spanish_scale",5,"EXTREME",70,80,100,4,100,100,100,2,"","uses words that tell me exactly what to expect",0.43119114995348,"(3) 50–64","(2) Some college / 2-yr degree","(2) Female","(1) < $50,000","(1) White","(3) Central"
"1342","likert_scale",2,"LOW",10,10,100,1,10,0,100,2,"","More explanation for each category ",0.243028800279098,"(2) 30–49","(3) 4-yr / post-graduate degree","(2) Female","(1) < $50,000","(1) White","(3) Central"
"1343","spanish_scale",1,"MINIMAL",25,25,75,2,80,10,90,2,"","The words used. Minimal, low, moderate, high, extreme are slightly better than Marginal (as compared to what?), slight (?), enhanced (doesn't help vs. moderate), High vs. Moderate (and that word is used already on the experimental status but for enhanced level. Then extreme, to the highest degree vs. High.",0.277367147542087,"(3) 50–64","(3) 4-yr / post-graduate degree","(2) Female","(1) < $50,000","(1) White","(4) Western"
"1344","current_scale",2,"SLIGHT",5,5,100,2,5,5,100,NA,"","",0.290019101088164,"(3) 50–64","(3) 4-yr / post-graduate degree","(2) Female","(1) < $50,000","(1) White","(2) Southern"
"1345","spanish_scale",2,"LOW",10,15,85,1,10,12,87,2,"","I think for more people low, moderate, and high are easier to understand than slight, enhanced, and moderate.",1.45696106176616,"(3) 50–64","(2) Some college / 2-yr degree","(1) Male","(2) ≥ $50,000","(1) White","(4) Western"
"1346","likert_scale",2,"LOW",0,0,100,2,0,0,100,2,"","Easier to understand",0.702811656197247,"(1) 18–29","(1) HS or less","(2) Female","(1) < $50,000","(1) White","(2) Southern"
"1347","levels_scale",3,"LEVEL 3 OF 5",80,50,100,3,80,60,100,2,"","Numbers mean more",0.703584533654593,"(2) 30–49","(1) HS or less","(2) Female","(1) < $50,000","(1) White","(2) Southern"
"1348","likert_scale",1,"VERY LOW",70,30,85,1,20,20,90,3,"","",1.52341955851049,"(3) 50–64","(2) Some college / 2-yr degree","(1) Male","(2) ≥ $50,000","(1) White","(2) Southern"
"1349","spanish_scale",5,"EXTREME",75,50,75,5,75,75,100,3,"","",0.405533698165393,"(3) 50–64","(2) Some college / 2-yr degree","(2) Female","(1) < $50,000","(1) White","(4) Western"
"1350","levels_scale",4,"LEVEL 4 OF 5",90,100,90,3,60,75,80,2,"","Details risk",0.351964846905867,"(3) 50–64","(3) 4-yr / post-graduate degree","(1) Male","(1) < $50,000","(1) White","(4) Western"
"1351","likert_scale",2,"LOW",100,90,100,3,100,100,100,2,"","Because it's very high ",0.349428530918024,"(2) 30–49","(2) Some college / 2-yr degree","(2) Female","(1) < $50,000","(1) White","(2) Southern"
"1352","spanish_scale",5,"EXTREME",50,30,20,5,40,50,30,2,"","Not sure ",0.868215950652237,"(3) 50–64","(1) HS or less","(2) Female","(1) < $50,000","(1) White","(3) Central"
"1353","spanish_scale",3,"MODERATE",5,5,5,1,5,5,5,2,"","Extreme is high is what I think",1.10172202029145,"(3) 50–64","(1) HS or less","(1) Male","(1) < $50,000","(1) White","(3) Central"
"1354","spanish_scale",2,"LOW",10,0,80,1,40,90,90,1,"It is what I am used to ","",3.06744969227012,"(3) 50–64","(1) HS or less","(1) Male","(2) ≥ $50,000","(1) White","(2) Southern"
"1355","spanish_scale",3,"MODERATE",60,75,50,4,60,75,50,2,"","Experimental scale is similar to caloric food scale or salt intake...extreme can be deadly...but then storms can be unpredicrable and not go according to prediction.",0.290019101088164,"(3) 50–64","(3) 4-yr / post-graduate degree","(2) Female","(1) < $50,000","(1) White","(2) Southern"
"1356","spanish_scale",2,"LOW",10,20,25,2,10,15,20,2,"","I like the words better",0.243028800279098,"(2) 30–49","(3) 4-yr / post-graduate degree","(2) Female","(1) < $50,000","(1) White","(3) Central"
"1357","spanish_scale",5,"EXTREME",75,60,25,4,100,100,50,3,"","",0.514601701228133,"(3) 50–64","(2) Some college / 2-yr degree","(1) Male","(1) < $50,000","(1) White","(4) Western"
"1358","current_scale",3,"ENHANCED",50,50,50,4,50,50,50,NA,"","",0.821175246599086,"(2) 30–49","(3) 4-yr / post-graduate degree","(1) Male","(2) ≥ $50,000","(1) White","(4) Western"
"1359","spanish_scale",1,"MINIMAL",8,6,8,3,80,94,60,2,"","Because just easier for me to read but especially understand. ",0.349428530918024,"(2) 30–49","(2) Some college / 2-yr degree","(2) Female","(1) < $50,000","(1) White","(2) Southern"
"1360","spanish_scale",5,"EXTREME",70,90,80,5,100,100,80,2,"","The point comes across clearer",0.687317088995703,"(1) 18–29","(3) 4-yr / post-graduate degree","(2) Female","(2) ≥ $50,000","(1) White","(3) Central"
"1361","spanish_scale",5,"EXTREME",90,50,85,4,100,100,100,3,"","",0.816553923502767,"(3) 50–64","(1) HS or less","(2) Female","(1) < $50,000","(1) White","(4) Western"
"1362","levels_scale",3,"LEVEL 3 OF 5",100,100,100,5,75,75,75,3,"","",0.702811656197247,"(1) 18–29","(1) HS or less","(2) Female","(1) < $50,000","(1) White","(2) Southern"
"1363","likert_scale",4,"HIGH",99,75,80,5,98,100,100,2,"","It makes more sense",0.424031900119101,"(3) 50–64","(2) Some college / 2-yr degree","(2) Female","(1) < $50,000","(1) White","(2) Southern"
"1364","spanish_scale",2,"LOW",5,0,100,1,0,0,0,2,"","The experimental wording is easier to understand.The minimal and extreme words spell it out better.",0.853800592401998,"(3) 50–64","(1) HS or less","(2) Female","(1) < $50,000","(1) White","(2) Southern"
"1365","likert_scale",5,"VERY HIGH",90,50,75,5,60,45,40,2,"","Just because ",0.821113759331623,"(3) 50–64","(3) 4-yr / post-graduate degree","(2) Female","(2) ≥ $50,000","(1) White","(2) Southern"
"1366","likert_scale",5,"VERY HIGH",70,80,80,4,70,75,80,2,"","Easy to understand ",0.243028800279098,"(2) 30–49","(3) 4-yr / post-graduate degree","(2) Female","(1) < $50,000","(1) White","(3) Central"
"1367","levels_scale",4,"LEVEL 4 OF 5",5,5,5,3,5,5,5,3,"","",0.853800592401998,"(3) 50–64","(1) HS or less","(2) Female","(1) < $50,000","(1) White","(2) Southern"
"1368","spanish_scale",5,"EXTREME",85,90,95,4,85,85,90,2,"","People are dumb expect them to be on a 4th or 3rd grade level the simpler the weather key and terminology will help with a wider range of people understanding what is going on",0.349044688719138,"(1) 18–29","(2) Some college / 2-yr degree","(2) Female","(1) < $50,000","(1) White","(2) Southern"
"1369","spanish_scale",4,"HIGH",80,100,90,5,60,100,90,2,"","Its esdier to understsnd",0.868215950652237,"(3) 50–64","(1) HS or less","(2) Female","(1) < $50,000","(1) White","(3) Central"
"1370","levels_scale",2,"LEVEL 2 OF 5",15,5,15,1,20,10,16,1,"It’s easier to understand","",1.90511602334301,"(2) 30–49","(1) HS or less","(2) Female","(2) ≥ $50,000","(1) White","(4) Western"
"1371","likert_scale",3,"MEDIUM",40,20,30,2,34,67,18,2,"","It’s easy to understand what is being depicted ",1.00491440094002,"(1) 18–29","(2) Some college / 2-yr degree","(2) Female","(2) ≥ $50,000","(1) White","(3) Central"
"1372","spanish_scale",2,"LOW",0,0,0,3,0,0,0,2,"","",0.702811656197247,"(1) 18–29","(1) HS or less","(2) Female","(1) < $50,000","(1) White","(2) Southern"
"1373","spanish_scale",5,"EXTREME",80,50,50,2,50,80,100,2,"","High",0.714677754554037,"(1) 18–29","(1) HS or less","(2) Female","(1) < $50,000","(1) White","(3) Central"
"1374","likert_scale",1,"VERY LOW",0,0,7,2,0,0,7,2,"","People can related to these adjectives much easier than the one that uses terms such as ""Enhanced.""",0.834977241168367,"(3) 50–64","(3) 4-yr / post-graduate degree","(2) Female","(2) ≥ $50,000","(1) White","(3) Central"
"1375","levels_scale",1,"LEVEL 1 OF 5",5,0,75,1,0,0,100,2,"","I think putting it on a number scale helps people understand the intensity better. ",0.989316129742098,"(2) 30–49","(2) Some college / 2-yr degree","(2) Female","(2) ≥ $50,000","(1) White","(2) Southern"
"1376","current_scale",3,"ENHANCED",40,60,70,2,50,60,70,NA,"","",0.821175246599086,"(2) 30–49","(3) 4-yr / post-graduate degree","(1) Male","(2) ≥ $50,000","(1) White","(4) Western"
"1377","spanish_scale",1,"MINIMAL",8,8,9,3,20,20,88,3,"","",0.715463681083415,"(2) 30–49","(1) HS or less","(2) Female","(1) < $50,000","(1) White","(3) Central"
"1378","likert_scale",1,"VERY LOW",50,50,50,5,50,50,50,3,"","",0.989316129742098,"(2) 30–49","(2) Some college / 2-yr degree","(2) Female","(2) ≥ $50,000","(1) White","(2) Southern"
"1379","current_scale",1,"MARGINAL ",87,93,94,2,27,17,100,NA,"","",0.35532819589936,"(2) 30–49","(2) Some college / 2-yr degree","(2) Female","(1) < $50,000","(1) White","(3) Central"
"1380","current_scale",4,"MODERATE",25,25,100,1,25,25,100,NA,"","",0.702811656197247,"(1) 18–29","(1) HS or less","(2) Female","(1) < $50,000","(1) White","(2) Southern"
"1381","current_scale",4,"MODERATE",10,8,5,4,5,6,5,NA,"","",1.00491440094002,"(1) 18–29","(2) Some college / 2-yr degree","(2) Female","(2) ≥ $50,000","(1) White","(3) Central"
"1382","likert_scale",2,"LOW",10,40,10,2,10,20,10,1,"I understand and am used to the current terms.","",0.785293038902763,"(3) 50–64","(3) 4-yr / post-graduate degree","(2) Female","(2) ≥ $50,000","(1) White","(4) Western"
"1383","current_scale",3,"ENHANCED",80,80,80,1,50,50,5,NA,"","",0.672890973119661,"(2) 30–49","(1) HS or less","(2) Female","(1) < $50,000","(1) White","(4) Western"
"1384","current_scale",3,"ENHANCED",50,50,50,3,50,10,100,NA,"","",0.672890973119661,"(2) 30–49","(1) HS or less","(2) Female","(1) < $50,000","(1) White","(4) Western"
"1385","spanish_scale",3,"MODERATE",20,10,95,3,30,10,50,2,"","The experimental scale makes more sense to me in the current use of language in the US",2.41749563867181,"(2) 30–49","(1) HS or less","(1) Male","(2) ≥ $50,000","(1) White","(4) Western"
"1386","current_scale",5,"HIGH",70,90,80,3,100,100,80,NA,"","",0.68807292717717,"(2) 30–49","(3) 4-yr / post-graduate degree","(2) Female","(2) ≥ $50,000","(1) White","(3) Central"
"1387","current_scale",4,"MODERATE",50,60,100,1,90,100,100,NA,"","",0.354937873003626,"(1) 18–29","(2) Some college / 2-yr degree","(2) Female","(1) < $50,000","(1) White","(3) Central"
"1388","likert_scale",3,"MEDIUM",0,0,100,1,0,0,100,2,"","It's easier to comprehend ",0.238993689868471,"(2) 30–49","(3) 4-yr / post-graduate degree","(2) Female","(1) < $50,000","(1) White","(2) Southern"
"1389","levels_scale",1,"LEVEL 1 OF 5",50,69,78,4,0,10,0,1,"Because I can better understand the risk of the Strom/tornado","",0.858632714670656,"(2) 30–49","(3) 4-yr / post-graduate degree","(1) Male","(2) ≥ $50,000","(1) White","(2) Southern"
"1390","likert_scale",5,"VERY HIGH",50,0,50,5,50,1,50,2,"","For people that are maybe just waking up and are not coherent enough yet, still sleepy ",2.45812796631977,"(3) 50–64","(1) HS or less","(2) Female","(2) ≥ $50,000","(1) White","(3) Central"
"1391","likert_scale",5,"VERY HIGH",100,85,100,5,100,100,100,2,"","It seems to make more sense in my opinion ",0.443407088687179,"(2) 30–49","(2) Some college / 2-yr degree","(1) Male","(1) < $50,000","(1) White","(2) Southern"
"1392","spanish_scale",3,"MODERATE",65,50,70,3,40,30,70,1,"It clearly describes what each scale is along with its definition","",0.715463681083415,"(2) 30–49","(1) HS or less","(2) Female","(1) < $50,000","(1) White","(3) Central"
"1393","likert_scale",2,"LOW",0,0,100,1,0,0,100,2,"","I can understand things better when I have a visual picture of it",0.424031900119101,"(3) 50–64","(2) Some college / 2-yr degree","(2) Female","(1) < $50,000","(1) White","(2) Southern"
"1394","levels_scale",1,"LEVEL 1 OF 5",20,20,20,2,30,30,30,1,"Yes its","",0.821175246599086,"(2) 30–49","(3) 4-yr / post-graduate degree","(1) Male","(2) ≥ $50,000","(1) White","(4) Western"
"1395","likert_scale",5,"VERY HIGH",85,75,85,4,90,90,95,1,"I think they are both fine . ","",0.858632714670656,"(2) 30–49","(3) 4-yr / post-graduate degree","(1) Male","(2) ≥ $50,000","(1) White","(2) Southern"
"1396","spanish_scale",2,"LOW",100,100,100,2,40,30,40,2,"","Low ",0.35532819589936,"(2) 30–49","(2) Some college / 2-yr degree","(2) Female","(1) < $50,000","(1) White","(3) Central"
"1397","spanish_scale",1,"MINIMAL",70,75,80,4,50,55,60,1,"Crocs are going back to the r","",0.845668700695561,"(2) 30–49","(3) 4-yr / post-graduate degree","(2) Female","(2) ≥ $50,000","(3) Hispanic","(2) Southern"
"1398","levels_scale",3,"LEVEL 3 OF 5",35,25,40,1,45,20,35,2,"","Good experimental design is important in all research, it helps to ensure the data collection, data analysis and conclusions from a study, are valid (true). Good experimental design is essential in research and fundamental to scientific progress.",0.821175246599086,"(2) 30–49","(3) 4-yr / post-graduate degree","(1) Male","(2) ≥ $50,000","(1) White","(4) Western"
"1399","levels_scale",3,"LEVEL 3 OF 5",75,60,80,1,50,50,75,3,"","",0.715463681083415,"(2) 30–49","(1) HS or less","(2) Female","(1) < $50,000","(1) White","(3) Central"
"1400","current_scale",3,"ENHANCED",80,100,100,1,50,100,100,NA,"","",2.3783797384689,"(1) 18–29","(1) HS or less","(2) Female","(2) ≥ $50,000","(3) Hispanic","(4) Western"
"1401","levels_scale",3,"LEVEL 3 OF 5",5,3,4,3,5,5,3,1,"To forecast future ","",1.09122883928487,"(2) 30–49","(3) 4-yr / post-graduate degree","(1) Male","(2) ≥ $50,000","(3) Hispanic","(3) Central"
"1402","spanish_scale",4,"HIGH",45,20,60,5,65,75,70,2,"","I think the terms in this one are better to referring to the severity of the weather ",0.703584533654593,"(2) 30–49","(1) HS or less","(2) Female","(1) < $50,000","(1) White","(2) Southern"
"1403","likert_scale",1,"VERY LOW",40,100,100,3,70,80,80,2,"","hhhjk",1.99201686809272,"(2) 30–49","(1) HS or less","(2) Female","(2) ≥ $50,000","(1) White","(2) Southern"
"1404","levels_scale",5,"LEVEL 5 OF 5",100,100,100,4,100,100,100,1,"Easy to understand ","",1.99201686809272,"(2) 30–49","(1) HS or less","(2) Female","(2) ≥ $50,000","(1) White","(2) Southern"
"1405","current_scale",3,"ENHANCED",5,0,80,3,15,0,85,NA,"","",0.68807292717717,"(2) 30–49","(3) 4-yr / post-graduate degree","(2) Female","(2) ≥ $50,000","(1) White","(3) Central"
"1406","current_scale",5,"HIGH",100,100,100,4,100,100,10,NA,"","",1.99201686809272,"(2) 30–49","(1) HS or less","(2) Female","(2) ≥ $50,000","(1) White","(2) Southern"
"1407","spanish_scale",4,"HIGH",80,95,80,4,80,90,80,2,"","It might because it's what I am used to. Also, the word Extreme definitely makes it seem more serious and that we should definitely stay alert and be proactive.",0.859946762095407,"(2) 30–49","(3) 4-yr / post-graduate degree","(2) Female","(2) ≥ $50,000","(3) Hispanic","(3) Central"
"1408","levels_scale",5,"LEVEL 5 OF 5",70,50,80,3,100,95,80,2,"","The experimental scale is more clear because it has number of how high the storm is. If it’s 5 of 5 then it’s at its worst possible.   ",0.242761836648949,"(1) 18–29","(3) 4-yr / post-graduate degree","(2) Female","(1) < $50,000","(1) White","(3) Central"
"1409","likert_scale",2,"LOW",75,90,90,1,60,50,90,1,"I frequent the SPC website and am used to using it","",1.56897655655952,"(2) 30–49","(2) Some college / 2-yr degree","(1) Male","(2) ≥ $50,000","(3) Hispanic","(2) Southern"
"1410","current_scale",2,"SLIGHT",100,100,100,3,75,75,75,NA,"","",0.703584533654593,"(2) 30–49","(1) HS or less","(2) Female","(1) < $50,000","(1) White","(2) Southern"
"1411","spanish_scale",2,"LOW",30,30,10,1,0,0,0,2,"","The vocabulary is more intense",1.148163338852,"(3) 50–64","(2) Some college / 2-yr degree","(2) Female","(2) ≥ $50,000","(1) White","(4) Western"
"1412","likert_scale",2,"LOW",20,0,80,1,30,20,50,2,"","The term are more recognized as a level of something. It is hard to recall what enahn ed means or moderate when you are receiving forecasts on the go",1.22080574969163,"(3) 50–64","(2) Some college / 2-yr degree","(2) Female","(2) ≥ $50,000","(1) White","(3) Central"
"1413","levels_scale",4,"LEVEL 4 OF 5",45,40,75,1,50,40,75,1,"It breaks it down for people that don't know the numerical breakdown","",0.715463681083415,"(2) 30–49","(1) HS or less","(2) Female","(1) < $50,000","(1) White","(3) Central"
"1414","likert_scale",5,"VERY HIGH",60,10,85,4,70,40,85,2,"","clearer",1.0834296615727,"(3) 50–64","(1) HS or less","(1) Male","(1) < $50,000","(1) White","(2) Southern"
"1415","likert_scale",4,"HIGH",95,90,90,5,100,100,75,2,"","I think the experimental scale is simpler and does not leave room for personal interpretation of the severity of the storms.",0.785293038902763,"(3) 50–64","(3) 4-yr / post-graduate degree","(2) Female","(2) ≥ $50,000","(1) White","(4) Western"
"1416","levels_scale",2,"LEVEL 2 OF 5",5,5,7,3,1,1,1,2,"","I'm not sure",1.00491440094002,"(1) 18–29","(2) Some college / 2-yr degree","(2) Female","(2) ≥ $50,000","(1) White","(3) Central"
"1417","current_scale",2,"SLIGHT",50,60,80,2,50,30,75,NA,"","",0.672151812095647,"(1) 18–29","(1) HS or less","(2) Female","(1) < $50,000","(1) White","(4) Western"
"1418","current_scale",3,"ENHANCED",11,1,1,4,50,50,50,NA,"","",0.35532819589936,"(2) 30–49","(2) Some college / 2-yr degree","(2) Female","(1) < $50,000","(1) White","(3) Central"
"1419","levels_scale",5,"LEVEL 5 OF 5",90,90,50,5,95,90,80,2,"","It’s visual, shows the state, counties and cities.  Basically visually showing the zones. ",0.989316129742098,"(2) 30–49","(2) Some college / 2-yr degree","(2) Female","(2) ≥ $50,000","(1) White","(2) Southern"
"1420","likert_scale",2,"LOW",45,25,50,2,25,35,33,1,"I'm not 100 percent sure how to explain it but current scales are more modern so better to understand sometimes right ","",0.714677754554037,"(1) 18–29","(1) HS or less","(2) Female","(1) < $50,000","(1) White","(3) Central"
"1421","spanish_scale",5,"EXTREME",100,100,100,5,20,100,100,2,"","Because I can understand it better than the other one ",0.988229380249616,"(1) 18–29","(2) Some college / 2-yr degree","(2) Female","(2) ≥ $50,000","(1) White","(2) Southern"
"1422","spanish_scale",1,"MINIMAL",50,50,50,1,40,40,40,2,"","More concise, easy to read",0.68807292717717,"(2) 30–49","(3) 4-yr / post-graduate degree","(2) Female","(2) ≥ $50,000","(1) White","(3) Central"
"1423","likert_scale",2,"LOW",68,85,32,1,29,57,67,3,"","",0.714677754554037,"(1) 18–29","(1) HS or less","(2) Female","(1) < $50,000","(1) White","(3) Central"
"1424","spanish_scale",3,"MODERATE",40,40,40,4,70,70,70,1,"I think it is much clear","",1.69251952353705,"(2) 30–49","(3) 4-yr / post-graduate degree","(2) Female","(2) ≥ $50,000","(4) Other","(2) Southern"
"1425","likert_scale",5,"VERY HIGH",80,80,75,5,75,80,75,2,"","Simple to understand ",2.49256528619961,"(3) 50–64","(3) 4-yr / post-graduate degree","(1) Male","(2) ≥ $50,000","(4) Other","(4) Western"
"1426","current_scale",2,"SLIGHT",50,50,50,2,50,50,50,NA,"","",1.25401297741888,"(1) 18–29","(2) Some college / 2-yr degree","(1) Male","(2) ≥ $50,000","(1) White","(2) Southern"
"1427","spanish_scale",3,"MODERATE",35,50,90,1,50,75,75,3,"","",0.946157656148744,"(2) 30–49","(2) Some college / 2-yr degree","(2) Female","(2) ≥ $50,000","(1) White","(4) Western"
"1428","spanish_scale",1,"MINIMAL",25,25,50,2,0,0,100,2,"","Much clearer explanation",0.68807292717717,"(2) 30–49","(3) 4-yr / post-graduate degree","(2) Female","(2) ≥ $50,000","(1) White","(3) Central"
"1429","spanish_scale",2,"LOW",100,100,100,2,100,100,100,2,"","You are amazing and",0.868215950652237,"(3) 50–64","(1) HS or less","(2) Female","(1) < $50,000","(1) White","(3) Central"
"1430","spanish_scale",2,"LOW",60,10,80,5,10,40,30,2,"","Because it makes since",0.807888352310119,"(1) 18–29","(3) 4-yr / post-graduate degree","(2) Female","(2) ≥ $50,000","(3) Hispanic","(4) Western"
"1431","levels_scale",5,"LEVEL 5 OF 5",100,100,100,4,100,100,100,2,"","It included the definition of the levels. ",1.22080574969163,"(3) 50–64","(2) Some college / 2-yr degree","(2) Female","(2) ≥ $50,000","(1) White","(3) Central"
"1432","likert_scale",5,"VERY HIGH",80,80,90,4,80,80,80,3,"","",3.87490768685015,"(3) 50–64","(2) Some college / 2-yr degree","(1) Male","(2) ≥ $50,000","(4) Other","(3) Central"
"1433","current_scale",5,"HIGH",0,0,0,5,0,0,0,NA,"","",0.277367147542087,"(3) 50–64","(3) 4-yr / post-graduate degree","(2) Female","(1) < $50,000","(1) White","(4) Western"
"1434","current_scale",4,"MODERATE",10,10,90,5,50,50,70,NA,"","",1.05954378325614,"(3) 50–64","(3) 4-yr / post-graduate degree","(1) Male","(2) ≥ $50,000","(1) White","(3) Central"
"1435","levels_scale",4,"LEVEL 4 OF 5",100,80,100,1,0,75,100,1,"No","",0.906889834278126,"(1) 18–29","(1) HS or less","(1) Male","(1) < $50,000","(1) White","(3) Central"
"1436","spanish_scale",1,"MINIMAL",0,0,90,2,0,0,100,2,"","The current scale uses words that could have different meanings if you didn't already know what they meant. ",0.714677754554037,"(1) 18–29","(1) HS or less","(2) Female","(1) < $50,000","(1) White","(3) Central"
"1437","spanish_scale",5,"EXTREME",0,0,0,2,0,0,0,1,"no","",0.868215950652237,"(3) 50–64","(1) HS or less","(2) Female","(1) < $50,000","(1) White","(3) Central"
"1438","likert_scale",3,"MEDIUM",35,35,30,4,30,35,30,1,"The quality and service provider","",0.308391225283701,"(2) 30–49","(3) 4-yr / post-graduate degree","(1) Male","(1) < $50,000","(1) White","(3) Central"
"1439","spanish_scale",3,"MODERATE",75,75,75,1,75,75,100,2,"","It shows you minimal low high extreme when the other one has different words like enhanced or moderate",2.02564958871814,"(2) 30–49","(1) HS or less","(2) Female","(2) ≥ $50,000","(1) White","(3) Central"
"1440","current_scale",3,"ENHANCED",30,0,60,3,50,0,100,NA,"","",0.715463681083415,"(2) 30–49","(1) HS or less","(2) Female","(1) < $50,000","(1) White","(3) Central"
"1441","likert_scale",3,"MEDIUM",50,60,20,1,30,4,8,2,"","80",0.68807292717717,"(2) 30–49","(3) 4-yr / post-graduate degree","(2) Female","(2) ≥ $50,000","(1) White","(3) Central"
"1442","current_scale",3,"ENHANCED",0,10,30,5,20,0,50,NA,"","",0.44359785508013,"(1) 18–29","(2) Some college / 2-yr degree","(2) Female","(1) < $50,000","(3) Hispanic","(3) Central"
"1443","spanish_scale",4,"HIGH",90,90,90,4,59,70,75,2,"","Just seems easier way to describe ",1.148163338852,"(3) 50–64","(2) Some college / 2-yr degree","(2) Female","(2) ≥ $50,000","(1) White","(4) Western"
"1444","current_scale",1,"MARGINAL ",70,80,70,3,0,0,50,NA,"","",0.672151812095647,"(1) 18–29","(1) HS or less","(2) Female","(1) < $50,000","(1) White","(4) Western"
"1445","likert_scale",2,"LOW",89,69,79,3,15,10,5,2,"","More defined",0.417660953452964,"(2) 30–49","(2) Some college / 2-yr degree","(2) Female","(1) < $50,000","(3) Hispanic","(4) Western"
"1446","likert_scale",4,"HIGH",50,40,100,3,60,50,100,2,"","Because I think that's the best for us",0.647130069334097,"(2) 30–49","(3) 4-yr / post-graduate degree","(2) Female","(2) ≥ $50,000","(1) White","(4) Western"
"1447","likert_scale",3,"MEDIUM",60,50,75,1,50,40,75,2,"","I find the current scales verbiage a bit confusing. The experimental scale is very straightforward, and easy to understand.",0.785293038902763,"(3) 50–64","(3) 4-yr / post-graduate degree","(2) Female","(2) ≥ $50,000","(1) White","(4) Western"
"1448","current_scale",3,"ENHANCED",100,100,100,1,75,75,75,NA,"","",0.820273197440428,"(1) 18–29","(3) 4-yr / post-graduate degree","(1) Male","(2) ≥ $50,000","(1) White","(4) Western"
"1449","levels_scale",3,"LEVEL 3 OF 5",100,100,100,3,60,60,60,1,"Because everything is emphasize ","",0.821175246599086,"(2) 30–49","(3) 4-yr / post-graduate degree","(1) Male","(2) ≥ $50,000","(1) White","(4) Western"
"1450","likert_scale",1,"VERY LOW",50,50,50,1,30,30,0,2,"","More specific and detailed ",0.821175246599086,"(2) 30–49","(3) 4-yr / post-graduate degree","(1) Male","(2) ≥ $50,000","(1) White","(4) Western"
"1451","spanish_scale",4,"HIGH",100,100,100,5,80,90,80,2,"","The useage of words and meaning it shows ",1.61868411646464,"(2) 30–49","(3) 4-yr / post-graduate degree","(2) Female","(2) ≥ $50,000","(4) Other","(4) Western"
"1452","spanish_scale",1,"MINIMAL",75,100,80,2,15,25,100,2,"","Its in general terms and vocabulary that anyone can understand.",0.334184867572192,"(2) 30–49","(2) Some college / 2-yr degree","(2) Female","(1) < $50,000","(1) White","(4) Western"
"1453","levels_scale",1,"LEVEL 1 OF 5",20,25,75,1,20,15,75,2,"","It’s just easier to understand for me ",1.45696106176616,"(3) 50–64","(2) Some college / 2-yr degree","(1) Male","(2) ≥ $50,000","(1) White","(4) Western"
"1454","current_scale",2,"SLIGHT",75,75,75,3,50,50,50,NA,"","",0.277367147542087,"(3) 50–64","(3) 4-yr / post-graduate degree","(2) Female","(1) < $50,000","(1) White","(4) Western"
"1455","spanish_scale",4,"HIGH",1,4,3,3,1,6,10,2,"","Low",0.417660953452964,"(2) 30–49","(2) Some college / 2-yr degree","(2) Female","(1) < $50,000","(3) Hispanic","(4) Western"
"1456","spanish_scale",4,"HIGH",50,85,75,3,75,90,75,2,"","I think the terminology used in the experimental scale makes a little more sense to me and is how I would describe the definitions ",1.61690601532065,"(1) 18–29","(3) 4-yr / post-graduate degree","(2) Female","(2) ≥ $50,000","(4) Other","(4) Western"
"1457","current_scale",2,"SLIGHT",20,30,25,2,85,77,60,NA,"","",0.946157656148744,"(2) 30–49","(2) Some college / 2-yr degree","(2) Female","(2) ≥ $50,000","(1) White","(4) Western"
"1458","spanish_scale",3,"MODERATE",5,10,3,5,4,2,5,2,"","I don't know just would",0.672151812095647,"(1) 18–29","(1) HS or less","(2) Female","(1) < $50,000","(1) White","(4) Western"
"1459","likert_scale",2,"LOW",99,80,98,2,99,98,80,2,"","A more reliable measurement may be to use a weight scale, where you are likely to get the same value every time you step on the scale, unless your weight ...",0.821175246599086,"(2) 30–49","(3) 4-yr / post-graduate degree","(1) Male","(2) ≥ $50,000","(1) White","(4) Western"
"1460","spanish_scale",2,"LOW",0,0,100,1,0,0,100,1,"this is self explanatory. i do not want an experimental scale. use the one that works . use the one people understand.","",1.29498946254573,"(3) 50–64","(1) HS or less","(1) Male","(1) < $50,000","(3) Hispanic","(4) Western"
"1461","likert_scale",5,"VERY HIGH",80,60,74,2,50,70,60,2,"","It gives details of how this things work.",0.821175246599086,"(2) 30–49","(3) 4-yr / post-graduate degree","(1) Male","(2) ≥ $50,000","(1) White","(4) Western"
"1462","likert_scale",5,"VERY HIGH",28,36,46,3,69,57,48,1,"It a little while I have a good time and I don’t have time for tomorrow ","",0.821175246599086,"(2) 30–49","(3) 4-yr / post-graduate degree","(1) Male","(2) ≥ $50,000","(1) White","(4) Western"
"1463","current_scale",3,"ENHANCED",68,70,80,4,65,70,65,NA,"","",0.821175246599086,"(2) 30–49","(3) 4-yr / post-graduate degree","(1) Male","(2) ≥ $50,000","(1) White","(4) Western"
"1464","likert_scale",1,"VERY LOW",50,80,50,5,30,20,40,1,"The current scale of one of the realest and best person I ever had a 5","",0.821175246599086,"(2) 30–49","(3) 4-yr / post-graduate degree","(1) Male","(2) ≥ $50,000","(1) White","(4) Western"
"1465","likert_scale",2,"LOW",70,70,72,2,72,75,75,2,"","No really ",0.821175246599086,"(2) 30–49","(3) 4-yr / post-graduate degree","(1) Male","(2) ≥ $50,000","(1) White","(4) Western"
"1466","current_scale",3,"ENHANCED",80,99,99,4,95,99,85,NA,"","",0.228567697060838,"(2) 30–49","(3) 4-yr / post-graduate degree","(2) Female","(1) < $50,000","(1) White","(4) Western"
"1467","levels_scale",2,"LEVEL 2 OF 5",40,100,80,1,40,50,100,1,"With the current scale, it's all laid out.  In a disaster situation having to think accurately in high pressure a situation can be difficult.  Sometimes, you just don't think clearly even when you know the answer and under pressure, you could easily get things wrong that you wouldn't under normal conditions.","",0.405533698165393,"(3) 50–64","(2) Some college / 2-yr degree","(2) Female","(1) < $50,000","(1) White","(4) Western"
"1468","spanish_scale",4,"HIGH",70,70,70,5,70,80,70,3,"","",1.19930722225671,"(1) 18–29","(2) Some college / 2-yr degree","(1) Male","(2) ≥ $50,000","(1) White","(4) Western"
"1469","levels_scale",1,"LEVEL 1 OF 5",100,100,100,4,100,100,100,1,"na","",1.96427492567323,"(3) 50–64","(3) 4-yr / post-graduate degree","(2) Female","(2) ≥ $50,000","(4) Other","(4) Western"
"1470","current_scale",3,"ENHANCED",80,70,80,4,70,60,80,NA,"","",0.571722623165989,"(2) 30–49","(3) 4-yr / post-graduate degree","(2) Female","(1) < $50,000","(4) Other","(4) Western"
"1471","spanish_scale",2,"LOW",30,30,40,2,10,10,10,3,"","",0.50683201864751,"(3) 50–64","(2) Some college / 2-yr degree","(2) Female","(1) < $50,000","(3) Hispanic","(4) Western"
"1472","levels_scale",5,"LEVEL 5 OF 5",100,100,100,3,80,90,75,1,"understandable definitions when using words","",0.835905736320637,"(2) 30–49","(2) Some college / 2-yr degree","(2) Female","(1) < $50,000","(4) Other","(4) Western"
"1473","levels_scale",3,"LEVEL 3 OF 5",80,70,80,3,70,80,70,2,"","no",1.20062609269425,"(2) 30–49","(2) Some college / 2-yr degree","(1) Male","(2) ≥ $50,000","(1) White","(4) Western"
"1474","levels_scale",4,"LEVEL 4 OF 5",90,100,100,3,100,100,100,2,"","can understand better",0.514601701228133,"(3) 50–64","(2) Some college / 2-yr degree","(1) Male","(1) < $50,000","(1) White","(4) Western"
"1475","current_scale",2,"SLIGHT",90,95,95,2,80,80,90,NA,"","",0.514601701228133,"(3) 50–64","(2) Some college / 2-yr degree","(1) Male","(1) < $50,000","(1) White","(4) Western"
"1476","levels_scale",1,"LEVEL 1 OF 5",20,50,75,1,10,10,85,1,"More details of exactly what each level means","",0.785293038902763,"(3) 50–64","(3) 4-yr / post-graduate degree","(2) Female","(2) ≥ $50,000","(1) White","(4) Western"
"1477","current_scale",4,"MODERATE",50,50,50,1,70,50,80,NA,"","",0.693786021436885,"(3) 50–64","(3) 4-yr / post-graduate degree","(2) Female","(1) < $50,000","(4) Other","(4) Western"
"1478","likert_scale",5,"VERY HIGH",75,50,80,3,75,50,80,2,"","The choice of wording for the experimental scale is a more accurate way of conveying the message.",0.514601701228133,"(3) 50–64","(2) Some college / 2-yr degree","(1) Male","(1) < $50,000","(1) White","(4) Western"
"1479","spanish_scale",2,"LOW",20,40,20,3,65,80,80,2,"","Easier wording",0.946157656148744,"(2) 30–49","(2) Some college / 2-yr degree","(2) Female","(2) ≥ $50,000","(1) White","(4) Western"
"1480","likert_scale",4,"HIGH",100,100,100,5,100,100,100,1,"Among the advantages are that (a) you save the time and trouble of creating your own, (b) there is already some evidence that the measure is valid (if it has been used successfully), and (c) your results can more easily be compared with and combined with previous results.thank you .","",0.821175246599086,"(2) 30–49","(3) 4-yr / post-graduate degree","(1) Male","(2) ≥ $50,000","(1) White","(4) Western"
"1481","levels_scale",5,"LEVEL 5 OF 5",0,0,0,3,0,0,0,3,"","",0.514601701228133,"(3) 50–64","(2) Some college / 2-yr degree","(1) Male","(1) < $50,000","(1) White","(4) Western"
"1482","spanish_scale",1,"MINIMAL",0,0,50,1,20,50,30,2,"","The words used to describe the weather are much easier to understand",1.19930722225671,"(1) 18–29","(2) Some college / 2-yr degree","(1) Male","(2) ≥ $50,000","(1) White","(4) Western"
"1483","current_scale",5,"HIGH",50,40,30,3,90,80,50,NA,"","",2.93363357165628,"(3) 50–64","(1) HS or less","(1) Male","(2) ≥ $50,000","(1) White","(4) Western"
"1484","spanish_scale",3,"MODERATE",75,95,23,1,90,96,60,2,"","Because it has extreme on the list",0.514601701228133,"(3) 50–64","(2) Some college / 2-yr degree","(1) Male","(1) < $50,000","(1) White","(4) Western"
"1485","levels_scale",2,"LEVEL 2 OF 5",50,100,100,1,50,50,50,2,"","People have a hard time distinguishing the difference of a marginal slight and enhanced.",1.20062609269425,"(2) 30–49","(2) Some college / 2-yr degree","(1) Male","(2) ≥ $50,000","(1) White","(4) Western"
"1486","likert_scale",3,"MEDIUM",80,70,60,4,80,76,34,2,"","How you know that it should be ",0.424063652799602,"(2) 30–49","(2) Some college / 2-yr degree","(1) Male","(1) < $50,000","(1) White","(4) Western"
"1487","spanish_scale",3,"MODERATE",60,90,60,2,40,30,70,1,"I meant to say the experimental. ","",1.82089557382381,"(3) 50–64","(2) Some college / 2-yr degree","(1) Male","(2) ≥ $50,000","(3) Hispanic","(4) Western"
"1488","current_scale",5,"HIGH",80,100,50,4,100,100,50,NA,"","",0.289722212866133,"(1) 18–29","(3) 4-yr / post-graduate degree","(1) Male","(1) < $50,000","(1) White","(4) Western"
"1489","likert_scale",1,"VERY LOW",5,2,100,2,10,10,90,2,"","Less subjective terminology ",0.873129657279388,"(2) 30–49","(3) 4-yr / post-graduate degree","(1) Male","(2) ≥ $50,000","(1) White","(3) Central"
"1490","spanish_scale",5,"EXTREME",90,100,90,5,100,100,100,2,"","I think more people can tell what moderate means, compared to Enhanced ",0.529990573300773,"(2) 30–49","(2) Some college / 2-yr degree","(1) Male","(1) < $50,000","(3) Hispanic","(4) Western"
"1491","likert_scale",2,"LOW",10,10,100,2,25,0,100,2,"","It just seems to make more sense to me about it",1.45696106176616,"(3) 50–64","(2) Some college / 2-yr degree","(1) Male","(2) ≥ $50,000","(1) White","(4) Western"
"1492","current_scale",1,"MARGINAL ",30,30,50,3,50,60,55,NA,"","",0.514601701228133,"(3) 50–64","(2) Some college / 2-yr degree","(1) Male","(1) < $50,000","(1) White","(4) Western"
"1493","levels_scale",4,"LEVEL 4 OF 5",100,100,100,4,75,50,100,2,"","i think they are both the same,they give out the same message",1.03616552725455,"(3) 50–64","(1) HS or less","(1) Male","(1) < $50,000","(1) White","(4) Western"
"1494","current_scale",5,"HIGH",100,100,100,3,100,100,100,NA,"","",0.439882196368078,"(3) 50–64","(3) 4-yr / post-graduate degree","(1) Male","(1) < $50,000","(3) Hispanic","(4) Western"
"1495","likert_scale",1,"VERY LOW",20,10,10,1,0,0,0,1,"terms feel more descriptive ","",2.05177175158119,"(1) 18–29","(3) 4-yr / post-graduate degree","(1) Male","(2) ≥ $50,000","(4) Other","(4) Western"
"1496","spanish_scale",3,"MODERATE",50,50,100,2,80,100,100,2,"","clearer",3.644336495467,"(3) 50–64","(2) Some college / 2-yr degree","(1) Male","(2) ≥ $50,000","(4) Other","(4) Western"
